"COU","% of Total Earnings","Marginal Tax Wedge","Annual Gross Wage in US Dollars"
"AUS",50,32.526641,31700
"AUS",51,32.526641,32300
"AUS",52,33.744375,33000
"AUS",53,39.604266,33600
"AUS",54,39.604266,34200
"AUS",55,39.604266,34900
"AUS",56,39.604266,35500
"AUS",57,39.604266,36100
"AUS",58,39.604266,36800
"AUS",59,39.604266,37400
"AUS",60,39.604266,38000
"AUS",61,39.604266,38700
"AUS",62,39.604266,39300
"AUS",63,39.604266,40000
"AUS",64,39.604266,40600
"AUS",65,39.604266,41200
"AUS",66,39.604266,41900
"AUS",67,39.604266,42500
"AUS",68,39.604266,43100
"AUS",69,39.604266,43800
"AUS",70,39.604266,44400
"AUS",71,39.604266,45000
"AUS",72,39.604266,45700
"AUS",73,38.715525,46300
"AUS",74,38.188741,46900
"AUS",75,38.188741,47600
"AUS",76,38.188741,48200
"AUS",77,38.188741,48800
"AUS",78,38.188741,49500
"AUS",79,38.188741,50100
"AUS",80,38.188741,50700
"AUS",81,38.188741,51400
"AUS",82,38.188741,52000
"AUS",83,38.188741,52600
"AUS",84,38.188741,53300
"AUS",85,38.188741,53900
"AUS",86,38.188741,54500
"AUS",87,38.188741,55200
"AUS",88,38.188741,55800
"AUS",89,38.188741,56400
"AUS",90,38.188741,57100
"AUS",91,38.188741,57700
"AUS",92,38.188741,58300
"AUS",93,38.188741,59000
"AUS",94,38.188741,59600
"AUS",95,38.188741,60200
"AUS",96,38.188741,60900
"AUS",97,38.188741,61500
"AUS",98,38.188741,62100
"AUS",99,44.895508,62800
"AUS",100,45.266366,63400
"AUS",101,45.266366,64000
"AUS",102,45.266366,64700
"AUS",103,45.266366,65300
"AUS",104,45.266366,66000
"AUS",105,45.266366,66600
"AUS",106,45.266366,67200
"AUS",107,45.266366,67900
"AUS",108,45.266366,68500
"AUS",109,45.266366,69100
"AUS",110,45.266366,69800
"AUS",111,45.266366,70400
"AUS",112,45.266366,71000
"AUS",113,45.266366,71700
"AUS",114,45.266366,72300
"AUS",115,45.266366,72900
"AUS",116,45.266366,73600
"AUS",117,45.266366,74200
"AUS",118,45.266366,74800
"AUS",119,45.266366,75500
"AUS",120,45.266366,76100
"AUS",121,45.266366,76700
"AUS",122,45.266366,77400
"AUS",123,45.266366,78000
"AUS",124,45.266366,78600
"AUS",125,45.266366,79300
"AUS",126,45.266366,79900
"AUS",127,45.266366,80500
"AUS",128,45.266366,81200
"AUS",129,45.266366,81800
"AUS",130,45.266366,82400
"AUS",131,45.266366,83100
"AUS",132,45.266366,83700
"AUS",133,45.266366,84300
"AUS",134,45.266366,85000
"AUS",135,45.266366,85600
"AUS",136,45.266366,86200
"AUS",137,45.266366,86900
"AUS",138,44.341627,87500
"AUS",139,42.435316,88100
"AUS",140,42.435316,88800
"AUS",141,42.435316,89400
"AUS",142,42.435316,90000
"AUS",143,42.435316,90700
"AUS",144,42.435316,91300
"AUS",145,42.435316,92000
"AUS",146,42.435316,92600
"AUS",147,42.435316,93200
"AUS",148,42.435316,93900
"AUS",149,42.435316,94500
"AUS",150,42.435316,95100
"AUT",50,49.92702,32000
"AUT",51,49.92702,32600
"AUT",52,58.338232,33300
"AUT",53,58.348613,33900
"AUT",54,85.590611,34500
"AUT",55,58.843922,35200
"AUT",56,58.843922,35800
"AUT",57,58.843922,36500
"AUT",58,88.067157,37100
"AUT",59,59.339231,37700
"AUT",60,59.339231,38400
"AUT",61,59.339231,39000
"AUT",62,59.339231,39700
"AUT",63,57.587004,40300
"AUT",64,55.685546,40900
"AUT",65,55.685546,41600
"AUT",66,55.685546,42200
"AUT",67,55.685546,42900
"AUT",68,55.685546,43500
"AUT",69,55.685546,44100
"AUT",70,55.685546,44800
"AUT",71,55.685546,45400
"AUT",72,55.685546,46000
"AUT",73,55.685546,46700
"AUT",74,55.685546,47300
"AUT",75,55.685546,48000
"AUT",76,55.685546,48600
"AUT",77,55.685546,49200
"AUT",78,55.685546,49900
"AUT",79,55.685546,50500
"AUT",80,55.685546,51200
"AUT",81,55.685546,51800
"AUT",82,55.685546,52400
"AUT",83,55.685546,53100
"AUT",84,55.685546,53700
"AUT",85,55.685546,54400
"AUT",86,55.685546,55000
"AUT",87,55.685546,55600
"AUT",88,55.685546,56300
"AUT",89,55.685546,56900
"AUT",90,55.685546,57600
"AUT",91,58.220782,58200
"AUT",92,59.521915,58800
"AUT",93,59.521915,59500
"AUT",94,59.521915,60100
"AUT",95,59.521915,60800
"AUT",96,59.521915,61400
"AUT",97,59.521915,62000
"AUT",98,59.521915,62700
"AUT",99,59.521915,63300
"AUT",100,59.521915,64000
"AUT",101,59.521915,64600
"AUT",102,59.521915,65200
"AUT",103,59.521915,65900
"AUT",104,59.521915,66500
"AUT",105,59.521915,67200
"AUT",106,59.521915,67800
"AUT",107,59.521915,68400
"AUT",108,59.521915,69100
"AUT",109,59.521915,69700
"AUT",110,59.521915,70400
"AUT",111,59.521915,71000
"AUT",112,59.521915,71600
"AUT",113,59.521915,72300
"AUT",114,59.521915,72900
"AUT",115,59.521915,73500
"AUT",116,59.521915,74200
"AUT",117,59.521915,74800
"AUT",118,59.521915,75500
"AUT",119,59.521915,76100
"AUT",120,59.521915,76700
"AUT",121,59.521915,77400
"AUT",122,59.521915,78000
"AUT",123,59.521915,78700
"AUT",124,59.521915,79300
"AUT",125,59.521915,79900
"AUT",126,59.521915,80600
"AUT",127,59.521915,81200
"AUT",128,59.521915,81900
"AUT",129,59.521915,82500
"AUT",130,59.521915,83100
"AUT",131,59.521915,83800
"AUT",132,59.521915,84400
"AUT",133,59.521915,85100
"AUT",134,59.521915,85700
"AUT",135,59.521915,86300
"AUT",136,59.521915,87000
"AUT",137,59.521915,87600
"AUT",138,59.521915,88300
"AUT",139,59.521915,88900
"AUT",140,59.521915,89500
"AUT",141,59.521915,90200
"AUT",142,59.521915,90800
"AUT",143,59.521915,91500
"AUT",144,59.521915,92100
"AUT",145,59.521915,92700
"AUT",146,59.521915,93400
"AUT",147,59.521915,94000
"AUT",148,59.521915,94700
"AUT",149,59.521915,95300
"AUT",150,59.521915,95900
"BEL",50,78.597707,31900
"BEL",51,78.597707,32500
"BEL",52,78.597707,33100
"BEL",53,80.323786,33800
"BEL",54,82.743212,34400
"BEL",55,82.743212,35000
"BEL",56,82.743212,35700
"BEL",57,82.743212,36300
"BEL",58,82.743212,36900
"BEL",59,82.743212,37600
"BEL",60,82.743212,38200
"BEL",61,81.242032,38900
"BEL",62,79.196502,39500
"BEL",63,79.196502,40100
"BEL",64,79.196502,40800
"BEL",65,71.726296,41400
"BEL",66,65.280562,42000
"BEL",67,65.280562,42700
"BEL",68,65.465053,43300
"BEL",69,68.541886,44000
"BEL",70,68.541886,44600
"BEL",71,68.541886,45200
"BEL",72,68.541886,45900
"BEL",73,68.541886,46500
"BEL",74,68.541886,47100
"BEL",75,68.541886,47800
"BEL",76,68.127312,48400
"BEL",77,65.076654,49100
"BEL",78,65.076654,49700
"BEL",79,65.076654,50300
"BEL",80,65.076654,51000
"BEL",81,65.076654,51600
"BEL",82,65.076654,52200
"BEL",83,65.076654,52900
"BEL",84,65.076654,53500
"BEL",85,65.076654,54100
"BEL",86,65.076654,54800
"BEL",87,65.076654,55400
"BEL",88,65.076654,56100
"BEL",89,65.076654,56700
"BEL",90,65.076654,57300
"BEL",91,65.076654,58000
"BEL",92,65.076654,58600
"BEL",93,65.076654,59200
"BEL",94,65.076654,59900
"BEL",95,65.076654,60500
"BEL",96,65.076654,61200
"BEL",97,65.076654,61800
"BEL",98,65.076654,62400
"BEL",99,65.076654,63100
"BEL",100,65.076654,63700
"BEL",101,65.076654,64300
"BEL",102,65.076654,65000
"BEL",103,65.076654,65600
"BEL",104,65.076654,66300
"BEL",105,65.076654,66900
"BEL",106,65.076654,67500
"BEL",107,65.076654,68200
"BEL",108,65.076654,68800
"BEL",109,65.076654,69400
"BEL",110,66.005697,70100
"BEL",111,68.697225,70700
"BEL",112,68.697225,71300
"BEL",113,68.697225,72000
"BEL",114,68.697225,72600
"BEL",115,68.697225,73300
"BEL",116,68.697225,73900
"BEL",117,68.697225,74500
"BEL",118,68.697225,75200
"BEL",119,68.697225,75800
"BEL",120,68.697225,76400
"BEL",121,68.697225,77100
"BEL",122,68.697225,77700
"BEL",123,68.697225,78400
"BEL",124,68.697225,79000
"BEL",125,68.697225,79600
"BEL",126,68.697225,80300
"BEL",127,68.697225,80900
"BEL",128,68.697225,81500
"BEL",129,68.697225,82200
"BEL",130,68.697225,82800
"BEL",131,68.697225,83500
"BEL",132,68.697225,84100
"BEL",133,68.697225,84700
"BEL",134,68.697225,85400
"BEL",135,68.697225,86000
"BEL",136,68.697225,86600
"BEL",137,68.697225,87300
"BEL",138,68.697225,87900
"BEL",139,68.697225,88500
"BEL",140,68.697225,89200
"BEL",141,68.697225,89800
"BEL",142,68.697225,90500
"BEL",143,68.697225,91100
"BEL",144,68.697225,91700
"BEL",145,68.697225,92400
"BEL",146,68.697225,93000
"BEL",147,68.697225,93600
"BEL",148,68.697225,94300
"BEL",149,68.697225,94900
"BEL",150,68.697225,95600
"CAN",50,32.131448,24300
"CAN",51,34.724126,24800
"CAN",52,40.850296,25200
"CAN",53,45.374675,25700
"CAN",54,45.374675,26200
"CAN",55,45.374675,26700
"CAN",56,45.374675,27200
"CAN",57,41.953764,27700
"CAN",58,41.775787,28200
"CAN",59,41.775787,28600
"CAN",60,41.775787,29100
"CAN",61,41.775787,29600
"CAN",62,41.775787,30100
"CAN",63,47.135718,30600
"CAN",64,47.174119,31100
"CAN",65,47.174119,31500
"CAN",66,47.174119,32000
"CAN",67,38.304789,32500
"CAN",68,33.929382,33000
"CAN",69,37.277177,33500
"CAN",70,37.277177,34000
"CAN",71,37.277177,34500
"CAN",72,37.277177,34900
"CAN",73,37.277177,35400
"CAN",74,37.277177,35900
"CAN",75,37.277177,36400
"CAN",76,37.277177,36900
"CAN",77,37.277177,37400
"CAN",78,39.828749,37900
"CAN",79,40.966037,38300
"CAN",80,40.966037,38800
"CAN",81,40.966037,39300
"CAN",82,40.966037,39800
"CAN",83,40.966037,40300
"CAN",84,63.344259,40800
"CAN",85,47.399882,41300
"CAN",86,45.914508,41700
"CAN",87,45.914508,42200
"CAN",88,45.914508,42700
"CAN",89,45.914508,43200
"CAN",90,45.914508,43700
"CAN",91,45.914508,44200
"CAN",92,45.914508,44700
"CAN",93,45.914508,45100
"CAN",94,45.027913,45600
"CAN",95,43.649701,46100
"CAN",96,43.649701,46600
"CAN",97,43.649701,47100
"CAN",98,43.649701,47600
"CAN",99,43.649701,48100
"CAN",100,43.45331,48500
"CAN",101,39.059461,49000
"CAN",102,35.28528,49500
"CAN",103,31.930334,50000
"CAN",104,31.930334,50500
"CAN",105,31.930334,51000
"CAN",106,31.930334,51400
"CAN",107,31.930334,51900
"CAN",108,31.930334,52400
"CAN",109,31.930334,52900
"CAN",110,31.930334,53400
"CAN",111,31.930334,53900
"CAN",112,31.930334,54400
"CAN",113,31.930334,54800
"CAN",114,31.930334,55300
"CAN",115,31.930334,55800
"CAN",116,31.930334,56300
"CAN",117,31.930334,56800
"CAN",118,31.930334,57300
"CAN",119,31.930334,57800
"CAN",120,31.930334,58200
"CAN",121,31.930334,58700
"CAN",122,31.930334,59200
"CAN",123,31.930334,59700
"CAN",124,31.930334,60200
"CAN",125,32.85229,60700
"CAN",126,56.119981,61200
"CAN",127,32.151911,61600
"CAN",128,31.930334,62100
"CAN",129,31.930334,62600
"CAN",130,31.930334,63100
"CAN",131,31.930334,63600
"CAN",132,31.930334,64100
"CAN",133,31.930334,64600
"CAN",134,31.930334,65000
"CAN",135,31.930334,65500
"CAN",136,31.930334,66000
"CAN",137,31.930334,66500
"CAN",138,31.930334,67000
"CAN",139,31.930334,67500
"CAN",140,31.930334,68000
"CAN",141,33.235275,68400
"CAN",142,33.701016,68900
"CAN",143,33.701016,69400
"CAN",144,33.701016,69900
"CAN",145,33.701016,70400
"CAN",146,33.701016,70900
"CAN",147,33.701016,71300
"CAN",148,33.701016,71800
"CAN",149,33.701016,72300
"CAN",150,33.701016,72800
"CHE",50,22.546281,38500
"CHE",51,24.054907,39200
"CHE",52,22.546281,40000
"CHE",53,24.054907,40800
"CHE",54,22.546281,41500
"CHE",55,22.546281,42300
"CHE",56,24.054907,43100
"CHE",57,22.925052,43800
"CHE",58,25.56999,44600
"CHE",59,23.871978,45400
"CHE",60,25.56999,46200
"CHE",61,23.871978,46900
"CHE",62,27.455234,47700
"CHE",63,25.521567,48500
"CHE",64,27.455234,49200
"CHE",65,25.521567,50000
"CHE",66,27.455234,50800
"CHE",67,25.521567,51500
"CHE",68,27.455234,52300
"CHE",69,25.521567,53100
"CHE",70,27.455234,53800
"CHE",71,25.521567,54600
"CHE",72,27.455234,55400
"CHE",73,25.521567,56200
"CHE",74,27.455234,56900
"CHE",75,25.521567,57700
"CHE",76,27.703802,58500
"CHE",77,25.770136,59200
"CHE",78,28.681934,60000
"CHE",79,27.419724,60800
"CHE",80,29.624557,61500
"CHE",81,27.419724,62300
"CHE",82,27.419724,63100
"CHE",83,27.419724,63800
"CHE",84,29.624557,64600
"CHE",85,27.419724,65400
"CHE",86,27.419724,66100
"CHE",87,27.419724,66900
"CHE",88,29.624557,67700
"CHE",89,27.419724,68500
"CHE",90,27.419724,69200
"CHE",91,27.419724,70000
"CHE",92,29.624557,70800
"CHE",93,27.419724,71500
"CHE",94,27.419724,72300
"CHE",95,27.419724,73100
"CHE",96,29.624557,73800
"CHE",97,27.419724,74600
"CHE",98,27.419724,75400
"CHE",99,27.739312,76100
"CHE",100,32.181258,76900
"CHE",101,30.128149,77700
"CHE",102,31.306427,78500
"CHE",103,31.306427,79200
"CHE",104,34.066503,80000
"CHE",105,31.306427,80800
"CHE",106,31.306427,81500
"CHE",107,31.519486,82300
"CHE",108,34.634659,83100
"CHE",109,31.803564,83800
"CHE",110,31.803564,84600
"CHE",111,31.803564,85400
"CHE",112,31.803564,86100
"CHE",113,34.634659,86900
"CHE",114,31.803564,87700
"CHE",115,31.803564,88500
"CHE",116,31.803564,89200
"CHE",117,34.634659,90000
"CHE",118,31.803564,90800
"CHE",119,31.803564,91500
"CHE",120,31.803564,92300
"CHE",121,34.634659,93100
"CHE",122,31.803564,93800
"CHE",123,31.803564,94600
"CHE",124,31.803564,95400
"CHE",125,34.634659,96100
"CHE",126,31.803564,96900
"CHE",127,31.803564,97700
"CHE",128,31.803564,98500
"CHE",129,34.634659,99200
"CHE",130,31.803564,1e+05
"CHE",131,31.803564,100800
"CHE",132,31.803564,101500
"CHE",133,34.634659,102300
"CHE",134,31.803564,103100
"CHE",135,31.803564,103800
"CHE",136,31.803564,104600
"CHE",137,34.634659,105400
"CHE",138,31.803564,106100
"CHE",139,31.803564,106900
"CHE",140,31.803564,107700
"CHE",141,31.803564,108500
"CHE",142,35.108122,109200
"CHE",143,33.460685,110000
"CHE",144,33.460685,110800
"CHE",145,33.460685,111500
"CHE",146,37.235478,112300
"CHE",147,35.110274,113100
"CHE",148,35.110274,113800
"CHE",149,35.110274,114600
"CHE",150,38.413756,115400
"CHL",51,7,12300
"CHL",77,7,18500
"CHL",135,10.2492,32500
"CHL",132,10.2492,31700
"CHL",59,7,14200
"CHL",123,10.2492,29600
"CHL",67,7,16100
"CHL",138,10.2492,33200
"CHL",144,10.2492,34600
"CHL",65,7,15600
"CHL",86,7,20700
"CHL",83,7,20000
"CHL",140,10.2492,33700
"CHL",101,10.2492,24300
"CHL",130,10.2492,31300
"CHL",142,10.2492,34200
"CHL",96,7,23100
"CHL",110,10.2492,26500
"CHL",133,10.2492,32000
"CHL",143,10.2492,34400
"CHL",105,10.2492,25300
"CHL",91,7,21900
"CHL",119,10.2492,28600
"CHL",112,10.2492,26900
"CHL",117,10.2492,28100
"CHL",64,7,15400
"CHL",122,10.2492,29300
"CHL",108,10.2492,26000
"CHL",50,7,12000
"CHL",103,10.2492,24800
"CHL",129,10.2492,31000
"CHL",100,10.2492,24000
"CHL",57,7,13700
"CHL",87,7,20900
"CHL",58,7,13900
"CHL",109,10.2492,26200
"CHL",127,10.2492,30500
"CHL",82,7,19700
"CHL",98,7,23600
"CHL",54,7,13000
"CHL",125,10.2492,30100
"CHL",148,10.2492,35600
"CHL",128,10.2492,30800
"CHL",90,7,21600
"CHL",68,7,16400
"CHL",84,7,20200
"CHL",73,7,17600
"CHL",104,10.2492,25000
"CHL",70,7,16800
"CHL",99,10.244049,23800
"CHL",114,10.2492,27400
"CHL",118,10.2492,28400
"CHL",55,7,13200
"CHL",139,10.2492,33400
"CHL",116,10.2492,27900
"CHL",111,10.2492,26700
"CHL",149,10.2492,35800
"CHL",79,7,19000
"CHL",78,7,18800
"CHL",146,10.2492,35100
"CHL",147,10.2492,35400
"CHL",75,7,18000
"CHL",95,7,22800
"CHL",97,7,23300
"CHL",71,7,17100
"CHL",60,7,14400
"CHL",141,10.2492,33900
"CHL",53,7,12700
"CHL",74,7,17800
"CHL",134,10.2492,32200
"CHL",62,7,14900
"CHL",56,7,13500
"CHL",85,7,20400
"CHL",107,10.2492,25700
"CHL",113,10.2492,27200
"CHL",126,10.2492,30300
"CHL",150,10.2492,36100
"CHL",66,7,15900
"CHL",61,7,14700
"CHL",94,7,22600
"CHL",88,7,21200
"CHL",115,10.2492,27700
"CHL",120,10.2492,28900
"CHL",106,10.2492,25500
"CHL",81,7,19500
"CHL",137,10.2492,32900
"CHL",136,10.2492,32700
"CHL",72,7,17300
"CHL",80,7,19200
"CHL",102,10.2492,24500
"CHL",52,7,12500
"CHL",76,7,18300
"CHL",63,7,15200
"CHL",121,10.2492,29100
"CHL",93,7,22400
"CHL",124,10.2492,29800
"CHL",145,10.2492,34900
"CHL",69,7,16600
"CHL",131,10.2492,31500
"CHL",92,7,22100
"CHL",89,7,21400
"COL",50,0,6000
"COL",51,0,6100
"COL",53,0,6300
"COL",55,0,6600
"COL",57,0,6800
"COL",59,0,7100
"COL",60,0,7200
"COL",61,0,7300
"COL",62,0,7400
"COL",63,0,7500
"COL",64,0,7700
"COL",66,0,7900
"COL",68,0,8100
"COL",69,0,8300
"COL",70,0,8400
"COL",71,0,8500
"COL",72,0,8600
"COL",73,0,8700
"COL",75,0,9000
"COL",77,0,9200
"COL",78,0,9300
"COL",79,0,9400
"COL",80,0,9600
"COL",81,0,9700
"COL",82,0,9800
"COL",84,0,10000
"COL",86,0,10300
"COL",88,0,10500
"COL",89,0,10600
"COL",91,0,10900
"COL",93,0,11100
"COL",95,0,11400
"COL",97,0,11600
"COL",98,0,11700
"COL",99,0,11800
"COL",100,0,12000
"COL",102,0,12200
"COL",104,0,12400
"COL",106,0,12700
"COL",107,0,12800
"COL",108,0,12900
"COL",109,0,13000
"COL",111,0,13300
"COL",113,0,13500
"COL",116,0,13900
"COL",117,0,14000
"COL",118,0,14100
"COL",119,0,14200
"COL",120,0,14400
"COL",122,0,14600
"COL",124,0,14800
"COL",125,0,15000
"COL",126,0,15100
"COL",127,0,15200
"COL",128,0,15300
"COL",129,0,15400
"COL",131,0,15700
"COL",133,0,15900
"COL",136,0,16300
"COL",137,0,16400
"COL",138,0,16500
"COL",140,0,16700
"COL",142,0,17000
"COL",144,0,17200
"COL",145,0,17300
"COL",146,0,17500
"COL",147,0,17600
"COL",149,0,17800
"COL",52,0,6200
"COL",54,0,6500
"COL",56,0,6700
"COL",58,0,6900
"COL",65,0,7800
"COL",67,0,8000
"COL",74,0,8900
"COL",76,0,9100
"COL",83,0,9900
"COL",85,0,10200
"COL",87,0,10400
"COL",90,0,10800
"COL",92,0,11000
"COL",94,0,11200
"COL",96,0,11500
"COL",101,0,12100
"COL",103,0,12300
"COL",105,0,12600
"COL",110,0,13200
"COL",112,0,13400
"COL",114,0,13600
"COL",115,0,13800
"COL",121,0,14500
"COL",123,0,14700
"COL",130,0,15500
"COL",132,0,15800
"COL",134,0,16000
"COL",135,0,16100
"COL",139,0,16600
"COL",141,0,16900
"COL",143,0,17100
"COL",148,0,17700
"COL",150,0,17900
"CZE",50,48.48281,15800
"CZE",51,48.48281,16100
"CZE",52,48.48281,16400
"CZE",53,48.48281,16800
"CZE",54,48.48281,17100
"CZE",55,48.48281,17400
"CZE",56,48.48281,17700
"CZE",57,48.48281,18000
"CZE",58,48.48281,18300
"CZE",59,48.48281,18700
"CZE",60,48.48281,19000
"CZE",61,48.48281,19300
"CZE",62,48.48281,19600
"CZE",63,48.48281,19900
"CZE",64,48.48281,20200
"CZE",65,48.48281,20600
"CZE",66,48.48281,20900
"CZE",67,48.48281,21200
"CZE",68,48.48281,21500
"CZE",69,48.48281,21800
"CZE",70,48.48281,22100
"CZE",71,48.48281,22400
"CZE",72,48.48281,22800
"CZE",73,48.48281,23100
"CZE",74,48.48281,23400
"CZE",75,48.48281,23700
"CZE",76,48.48281,24000
"CZE",77,48.48281,24300
"CZE",78,48.48281,24700
"CZE",79,48.48281,25000
"CZE",80,48.48281,25300
"CZE",81,48.48281,25600
"CZE",82,48.48281,25900
"CZE",83,48.48281,26200
"CZE",84,48.48281,26600
"CZE",85,48.48281,26900
"CZE",86,48.48281,27200
"CZE",87,48.48281,27500
"CZE",88,48.48281,27800
"CZE",89,48.48281,28100
"CZE",90,48.48281,28500
"CZE",91,48.48281,28800
"CZE",92,48.48281,29100
"CZE",93,48.48281,29400
"CZE",94,48.48281,29700
"CZE",95,48.48281,30000
"CZE",96,48.48281,30400
"CZE",97,48.48281,30700
"CZE",98,48.48281,31000
"CZE",99,48.48281,31300
"CZE",100,48.48281,31600
"CZE",101,48.48281,31900
"CZE",102,48.48281,32200
"CZE",103,48.48281,32600
"CZE",104,48.48281,32900
"CZE",105,48.48281,33200
"CZE",106,48.48281,33500
"CZE",107,48.48281,33800
"CZE",108,48.48281,34100
"CZE",109,48.48281,34500
"CZE",110,48.48281,34800
"CZE",111,48.48281,35100
"CZE",112,48.48281,35400
"CZE",113,48.48281,35700
"CZE",114,48.48281,36000
"CZE",115,48.48281,36400
"CZE",116,48.48281,36700
"CZE",117,48.48281,37000
"CZE",118,48.48281,37300
"CZE",119,48.48281,37600
"CZE",120,48.48281,37900
"CZE",121,48.48281,38300
"CZE",122,48.48281,38600
"CZE",123,48.48281,38900
"CZE",124,48.48281,39200
"CZE",125,48.48281,39500
"CZE",126,48.48281,39800
"CZE",127,48.48281,40200
"CZE",128,48.48281,40500
"CZE",129,48.48281,40800
"CZE",130,48.48281,41100
"CZE",131,48.48281,41400
"CZE",132,48.48281,41700
"CZE",133,48.48281,42000
"CZE",134,48.48281,42400
"CZE",135,48.48281,42700
"CZE",136,48.48281,43000
"CZE",137,48.48281,43300
"CZE",138,48.48281,43600
"CZE",139,48.48281,43900
"CZE",140,48.48281,44300
"CZE",141,48.48281,44600
"CZE",142,48.48281,44900
"CZE",143,48.48281,45200
"CZE",144,48.48281,45500
"CZE",145,48.48281,45800
"CZE",146,48.48281,46200
"CZE",147,48.48281,46500
"CZE",148,48.48281,46800
"CZE",149,48.48281,47100
"CZE",150,48.48281,47400
"DEU",50,52.961597,35200
"DEU",51,52.961597,35900
"DEU",52,53.299416,36600
"DEU",53,53.299416,37300
"DEU",54,53.468326,38000
"DEU",55,53.468326,38700
"DEU",56,53.806145,39500
"DEU",57,53.806145,40200
"DEU",58,53.975054,40900
"DEU",59,54.143964,41600
"DEU",60,54.143964,42300
"DEU",61,54.481783,43000
"DEU",62,54.481783,43700
"DEU",63,54.650692,44400
"DEU",64,54.650692,45100
"DEU",65,54.988511,45800
"DEU",66,55.157421,46500
"DEU",67,55.157421,47200
"DEU",68,55.32633,47900
"DEU",69,55.32633,48600
"DEU",70,55.664149,49300
"DEU",71,55.664149,50000
"DEU",72,55.833059,50700
"DEU",73,56.170878,51400
"DEU",74,56.001968,52100
"DEU",75,56.339788,52800
"DEU",76,56.339788,53500
"DEU",77,56.508697,54200
"DEU",78,56.677607,55000
"DEU",79,56.846516,55700
"DEU",80,57.015426,56400
"DEU",81,57.015426,57100
"DEU",82,57.184335,57800
"DEU",83,57.353245,58500
"DEU",84,57.522154,59200
"DEU",85,57.691064,59900
"DEU",86,57.691064,60600
"DEU",87,57.859973,61300
"DEU",88,58.028883,62000
"DEU",89,58.197792,62700
"DEU",90,58.197792,63400
"DEU",91,58.535611,64100
"DEU",92,58.535611,64800
"DEU",93,58.704521,65500
"DEU",94,58.704521,66200
"DEU",95,59.04234,66900
"DEU",96,59.04234,67600
"DEU",97,59.21125,68300
"DEU",98,59.380159,69000
"DEU",99,59.549069,69700
"DEU",100,59.549069,70500
"DEU",101,59.886888,71200
"DEU",102,59.886888,71900
"DEU",103,60.055797,72600
"DEU",104,60.224707,73300
"DEU",105,60.224707,74000
"DEU",106,60.562526,74700
"DEU",107,60.088673,75400
"DEU",108,52.170981,76100
"DEU",109,51.987741,76800
"DEU",110,52.354221,77500
"DEU",111,52.537461,78200
"DEU",112,52.903941,78900
"DEU",113,52.903941,79600
"DEU",114,52.903941,80300
"DEU",115,53.270421,81000
"DEU",116,53.453661,81700
"DEU",117,53.636901,82400
"DEU",118,53.820141,83100
"DEU",119,54.003382,83800
"DEU",120,54.186622,84500
"DEU",121,54.369862,85200
"DEU",122,54.553102,86000
"DEU",123,54.553102,86700
"DEU",124,54.919582,87400
"DEU",125,55.102822,88100
"DEU",126,55.286062,88800
"DEU",127,55.469302,89500
"DEU",128,55.469302,90200
"DEU",129,55.835782,90900
"DEU",130,56.019023,91600
"DEU",131,56.202263,92300
"DEU",132,56.019023,93000
"DEU",133,56.202263,93700
"DEU",134,56.202263,94400
"DEU",135,56.019023,95100
"DEU",136,56.019023,95800
"DEU",137,56.202263,96500
"DEU",138,56.202263,97200
"DEU",139,56.019023,97900
"DEU",140,56.202263,98600
"DEU",141,56.019023,99300
"DEU",142,56.202263,1e+05
"DEU",143,56.019023,100700
"DEU",144,56.202263,101500
"DEU",145,56.019023,102200
"DEU",146,56.202263,102900
"DEU",147,56.202263,103600
"DEU",148,56.019023,104300
"DEU",149,56.019023,105000
"DEU",150,56.202263,105700
"DNK",50,37.437019,32500
"DNK",51,38.645764,33100
"DNK",52,38.713076,33800
"DNK",53,38.713076,34400
"DNK",54,38.713076,35100
"DNK",55,38.713076,35700
"DNK",56,38.713076,36400
"DNK",57,38.713076,37000
"DNK",58,38.713076,37700
"DNK",59,38.713076,38300
"DNK",60,45.119022,39000
"DNK",61,38.713076,39600
"DNK",62,38.713076,40300
"DNK",63,38.713076,40900
"DNK",64,38.713076,41600
"DNK",65,38.713076,42200
"DNK",66,38.713076,42900
"DNK",67,38.713076,43500
"DNK",68,38.713076,44200
"DNK",69,38.713076,44800
"DNK",70,38.713076,45500
"DNK",71,38.713076,46100
"DNK",72,38.713076,46800
"DNK",73,38.713076,47400
"DNK",74,38.713076,48100
"DNK",75,40.063086,48700
"DNK",76,41.690542,49400
"DNK",77,41.690542,50000
"DNK",78,41.690542,50700
"DNK",79,41.690542,51300
"DNK",80,41.690542,52000
"DNK",81,41.690542,52600
"DNK",82,41.690542,53300
"DNK",83,41.690542,53900
"DNK",84,41.690542,54600
"DNK",85,41.690542,55200
"DNK",86,41.690542,55900
"DNK",87,41.690542,56500
"DNK",88,41.690542,57200
"DNK",89,41.690542,57800
"DNK",90,41.690542,58500
"DNK",91,41.690542,59100
"DNK",92,41.690542,59800
"DNK",93,41.690542,60400
"DNK",94,41.690542,61100
"DNK",95,41.690542,61700
"DNK",96,41.690542,62400
"DNK",97,41.690542,63000
"DNK",98,41.690542,63600
"DNK",99,41.690542,64300
"DNK",100,41.690542,64900
"DNK",101,41.690542,65600
"DNK",102,41.690542,66200
"DNK",103,41.690542,66900
"DNK",104,42.604568,67500
"DNK",105,48.590542,68200
"DNK",106,45.887666,68800
"DNK",107,41.690542,69500
"DNK",108,41.690542,70100
"DNK",109,41.690542,70800
"DNK",110,41.690542,71400
"DNK",111,41.690542,72100
"DNK",112,41.690542,72700
"DNK",113,41.690542,73400
"DNK",114,41.690542,74000
"DNK",115,41.690542,74700
"DNK",116,41.690542,75300
"DNK",117,41.690542,76000
"DNK",118,41.690542,76600
"DNK",119,41.690542,77300
"DNK",120,41.690542,77900
"DNK",121,41.690542,78600
"DNK",122,41.690542,79200
"DNK",123,41.690542,79900
"DNK",124,41.690542,80500
"DNK",125,41.690542,81200
"DNK",126,41.690542,81800
"DNK",127,41.690542,82500
"DNK",128,41.690542,83100
"DNK",129,41.690542,83800
"DNK",130,41.690542,84400
"DNK",131,41.690542,85100
"DNK",132,54.824045,85700
"DNK",133,55.486862,86400
"DNK",134,55.486862,87000
"DNK",135,55.486862,87700
"DNK",136,55.486862,88300
"DNK",137,55.486862,89000
"DNK",138,55.486862,89600
"DNK",139,55.486862,90300
"DNK",140,55.486862,90900
"DNK",141,55.486862,91600
"DNK",142,55.486862,92200
"DNK",143,55.486862,92900
"DNK",144,55.486862,93500
"DNK",145,55.486862,94200
"DNK",146,55.486862,94800
"DNK",147,55.486862,95500
"DNK",148,55.486862,96100
"DNK",149,55.486862,96800
"DNK",150,55.486862,97400
"ESP",50,27.906082,21500
"ESP",51,28.095666,22000
"ESP",52,61.249519,22400
"ESP",53,61.249519,22800
"ESP",54,61.249519,23300
"ESP",55,61.249519,23700
"ESP",56,61.249519,24100
"ESP",57,61.249519,24500
"ESP",58,61.249519,25000
"ESP",59,61.249519,25400
"ESP",60,61.249519,25800
"ESP",61,61.249519,26300
"ESP",62,61.789018,26700
"ESP",63,69.720554,27100
"ESP",64,69.720554,27600
"ESP",65,69.720554,28000
"ESP",66,62.258677,28400
"ESP",67,44.631871,28900
"ESP",68,44.631871,29300
"ESP",69,44.631871,29700
"ESP",70,44.631871,30100
"ESP",71,44.631871,30600
"ESP",72,44.631871,31000
"ESP",73,44.631871,31400
"ESP",74,44.631871,31900
"ESP",75,44.631871,32300
"ESP",76,44.631871,32700
"ESP",77,44.631871,33200
"ESP",78,45.950481,33600
"ESP",79,46.145843,34000
"ESP",80,46.145843,34400
"ESP",81,46.145843,34900
"ESP",82,46.145843,35300
"ESP",83,46.145843,35700
"ESP",84,46.145843,36200
"ESP",85,46.145843,36600
"ESP",86,46.145843,37000
"ESP",87,46.145843,37500
"ESP",88,48.283301,37900
"ESP",89,48.308661,38300
"ESP",90,48.308661,38800
"ESP",91,48.308661,39200
"ESP",92,48.308661,39600
"ESP",93,48.308661,40000
"ESP",94,48.308661,40500
"ESP",95,48.308661,40900
"ESP",96,48.308661,41300
"ESP",97,48.308661,41800
"ESP",98,48.308661,42200
"ESP",99,48.308661,42600
"ESP",100,48.308661,43100
"ESP",101,48.308661,43500
"ESP",102,48.308661,43900
"ESP",103,48.308661,44400
"ESP",104,48.308661,44800
"ESP",105,48.308661,45200
"ESP",106,48.308661,45600
"ESP",107,48.308661,46100
"ESP",108,48.308661,46500
"ESP",109,48.308661,46900
"ESP",110,48.308661,47400
"ESP",111,48.308661,47800
"ESP",112,48.308661,48200
"ESP",113,48.308661,48700
"ESP",114,48.308661,49100
"ESP",115,48.308661,49500
"ESP",116,48.308661,50000
"ESP",117,48.308661,50400
"ESP",118,48.308661,50800
"ESP",119,48.308661,51200
"ESP",120,48.308661,51700
"ESP",121,48.308661,52100
"ESP",122,48.308661,52500
"ESP",123,48.308661,53000
"ESP",124,48.308661,53400
"ESP",125,48.308661,53800
"ESP",126,48.308661,54300
"ESP",127,48.308661,54700
"ESP",128,48.308661,55100
"ESP",129,48.308661,55500
"ESP",130,48.308661,56000
"ESP",131,48.308661,56400
"ESP",132,48.308661,56800
"ESP",133,48.308661,57300
"ESP",134,48.308661,57700
"ESP",135,48.308661,58100
"ESP",136,48.308661,58600
"ESP",137,48.308661,59000
"ESP",138,49.01912,59400
"ESP",139,51.624981,59900
"ESP",140,51.624981,60300
"ESP",141,51.624981,60700
"ESP",142,51.624981,61100
"ESP",143,51.624981,61600
"ESP",144,51.624981,62000
"ESP",145,51.624981,62400
"ESP",146,51.624981,62900
"ESP",147,52.939343,63300
"ESP",148,54.148268,63700
"ESP",149,54.148268,64200
"ESP",150,54.148268,64600
"EST",50,41.165919,15700
"EST",51,41.165919,16100
"EST",52,41.165919,16400
"EST",53,41.165919,16700
"EST",54,41.165919,17000
"EST",55,41.165919,17300
"EST",56,41.165919,17600
"EST",57,41.165919,18000
"EST",58,41.165919,18300
"EST",59,41.165919,18600
"EST",60,41.165919,18900
"EST",61,41.165919,19200
"EST",62,41.165919,19500
"EST",63,41.165919,19800
"EST",64,41.165919,20200
"EST",65,41.165919,20500
"EST",66,41.165919,20800
"EST",67,41.165919,21100
"EST",68,41.165919,21400
"EST",69,41.165919,21700
"EST",70,41.165919,22000
"EST",71,41.165919,22400
"EST",72,41.165919,22700
"EST",73,41.165919,23000
"EST",74,41.165919,23300
"EST",75,41.165919,23600
"EST",76,41.165919,23900
"EST",77,41.165919,24200
"EST",78,41.165919,24600
"EST",79,41.165919,24900
"EST",80,41.165919,25200
"EST",81,41.165919,25500
"EST",82,41.165919,25800
"EST",83,41.165919,26100
"EST",84,41.165919,26500
"EST",85,41.165919,26800
"EST",86,44.857427,27100
"EST",87,49.470188,27400
"EST",88,49.470188,27700
"EST",89,49.470188,28000
"EST",90,49.470188,28300
"EST",91,49.470188,28700
"EST",92,49.470188,29000
"EST",93,49.470188,29300
"EST",94,49.470188,29600
"EST",95,49.470188,29900
"EST",96,49.470188,30200
"EST",97,49.470188,30500
"EST",98,49.470188,30900
"EST",99,49.470188,31200
"EST",100,49.470188,31500
"EST",101,49.470188,31800
"EST",102,49.470188,32100
"EST",103,49.470188,32400
"EST",104,49.470188,32800
"EST",105,49.470188,33100
"EST",106,49.470188,33400
"EST",107,49.470188,33700
"EST",108,49.470188,34000
"EST",109,49.470188,34300
"EST",110,49.470188,34600
"EST",111,49.470188,35000
"EST",112,49.470188,35300
"EST",113,49.470188,35600
"EST",114,49.470188,35900
"EST",115,49.470188,36200
"EST",116,49.470188,36500
"EST",117,49.470188,36800
"EST",118,49.470188,37200
"EST",119,49.470188,37500
"EST",120,49.470188,37800
"EST",121,49.470188,38100
"EST",122,49.470188,38400
"EST",123,49.470188,38700
"EST",124,49.470188,39100
"EST",125,49.470188,39400
"EST",126,49.470188,39700
"EST",127,49.470188,40000
"EST",128,49.470188,40300
"EST",129,49.470188,40600
"EST",130,49.470188,40900
"EST",131,49.470188,41300
"EST",132,49.470188,41600
"EST",133,49.470188,41900
"EST",134,49.470188,42200
"EST",135,49.470188,42500
"EST",136,49.470188,42800
"EST",137,49.470188,43100
"EST",138,49.470188,43500
"EST",139,49.470188,43800
"EST",140,49.470188,44100
"EST",141,49.470188,44400
"EST",142,49.470188,44700
"EST",143,49.470188,45000
"EST",144,49.470188,45300
"EST",145,49.470188,45700
"EST",146,49.470188,46000
"EST",147,49.470188,46300
"EST",148,49.470188,46600
"EST",149,49.470188,46900
"EST",150,49.470188,47200
"FIN",50,47.87628,26800
"FIN",51,47.87628,27400
"FIN",52,47.87628,27900
"FIN",53,47.87628,28500
"FIN",54,47.87628,29000
"FIN",55,47.87628,29500
"FIN",56,47.87628,30100
"FIN",57,47.87628,30600
"FIN",58,47.87628,31100
"FIN",59,47.87628,31700
"FIN",60,47.87628,32200
"FIN",61,47.87628,32700
"FIN",62,47.87628,33300
"FIN",63,47.87628,33800
"FIN",64,47.758724,34400
"FIN",65,44.903682,34900
"FIN",66,44.903682,35400
"FIN",67,48.230599,36000
"FIN",68,53.474117,36500
"FIN",69,53.474117,37000
"FIN",70,53.474117,37600
"FIN",71,53.474117,38100
"FIN",72,53.474117,38600
"FIN",73,53.751841,39200
"FIN",74,55.024374,39700
"FIN",75,55.024374,40300
"FIN",76,55.024374,40800
"FIN",77,55.024374,41300
"FIN",78,55.024374,41900
"FIN",79,55.024374,42400
"FIN",80,55.024374,42900
"FIN",81,55.024374,43500
"FIN",82,55.024374,44000
"FIN",83,55.024374,44600
"FIN",84,55.024374,45100
"FIN",85,55.024374,45600
"FIN",86,55.024374,46200
"FIN",87,55.024374,46700
"FIN",88,55.024374,47200
"FIN",89,55.024374,47800
"FIN",90,55.024374,48300
"FIN",91,55.024374,48800
"FIN",92,55.024374,49400
"FIN",93,55.024374,49900
"FIN",94,55.024374,50500
"FIN",95,55.024374,51000
"FIN",96,55.024374,51500
"FIN",97,55.024374,52100
"FIN",98,55.024374,52600
"FIN",99,55.024374,53100
"FIN",100,55.024374,53700
"FIN",101,55.024374,54200
"FIN",102,55.024374,54800
"FIN",103,55.024374,55300
"FIN",104,55.024374,55800
"FIN",105,55.024374,56400
"FIN",106,55.024374,56900
"FIN",107,55.024374,57400
"FIN",108,55.024374,58000
"FIN",109,55.024374,58500
"FIN",110,57.502727,59000
"FIN",111,58.07164,59600
"FIN",112,58.07164,60100
"FIN",113,58.07164,60700
"FIN",114,58.07164,61200
"FIN",115,58.07164,61700
"FIN",116,58.07164,62300
"FIN",117,58.07164,62800
"FIN",118,58.07164,63300
"FIN",119,58.07164,63900
"FIN",120,58.07164,64400
"FIN",121,58.07164,65000
"FIN",122,58.07164,65500
"FIN",123,58.07164,66000
"FIN",124,58.07164,66600
"FIN",125,58.07164,67100
"FIN",126,58.07164,67600
"FIN",127,58.07164,68200
"FIN",128,58.07164,68700
"FIN",129,58.07164,69200
"FIN",130,58.07164,69800
"FIN",131,58.07164,70300
"FIN",132,58.07164,70900
"FIN",133,58.07164,71400
"FIN",134,58.07164,71900
"FIN",135,58.07164,72500
"FIN",136,58.07164,73000
"FIN",137,58.07164,73500
"FIN",138,58.07164,74100
"FIN",139,58.07164,74600
"FIN",140,58.07164,75200
"FIN",141,58.07164,75700
"FIN",142,58.07164,76200
"FIN",143,58.07164,76800
"FIN",144,58.07164,77300
"FIN",145,58.07164,77800
"FIN",146,58.07164,78400
"FIN",147,58.07164,78900
"FIN",148,58.07164,79400
"FIN",149,58.07164,80000
"FIN",150,58.07164,80500
"FRA",101,58.158476,52500
"FRA",135,59.445056,70200
"FRA",132,59.445056,68600
"FRA",89,50.563436,46300
"FRA",68,64.637227,35400
"FRA",149,59.445056,77500
"FRA",136,59.445056,70700
"FRA",128,59.445056,66500
"FRA",66,64.637227,34300
"FRA",95,58.158476,49400
"FRA",64,64.556198,33300
"FRA",130,59.445056,67600
"FRA",70,64.637227,36400
"FRA",52,58.365901,27000
"FRA",120,93.30001,62400
"FRA",127,59.445056,66000
"FRA",124,59.445056,64500
"FRA",78,50.563436,40500
"FRA",88,50.563436,45700
"FRA",90,50.563436,46800
"FRA",145,59.445056,75400
"FRA",103,58.158476,53500
"FRA",61,64.556198,31700
"FRA",104,58.158476,54100
"FRA",126,59.445056,65500
"FRA",129,59.445056,67100
"FRA",65,64.561721,33800
"FRA",106,58.158476,55100
"FRA",62,64.556198,32200
"FRA",85,50.563436,44200
"FRA",99,58.158476,51500
"FRA",109,57.66229,56700
"FRA",119,57.66229,61900
"FRA",148,59.445056,76900
"FRA",80,50.563436,41600
"FRA",55,64.556198,28600
"FRA",138,59.445056,71700
"FRA",131,59.445056,68100
"FRA",57,64.556198,29600
"FRA",91,56.753698,47300
"FRA",86,50.563436,44700
"FRA",93,58.158476,48300
"FRA",123,59.445056,63900
"FRA",92,58.158476,47800
"FRA",94,58.158476,48900
"FRA",75,64.637227,39000
"FRA",118,57.66229,61300
"FRA",58,64.556198,30200
"FRA",71,64.637227,36900
"FRA",60,64.556198,31200
"FRA",141,59.445056,73300
"FRA",112,57.66229,58200
"FRA",59,64.556198,30700
"FRA",73,64.637227,37900
"FRA",67,64.637227,34800
"FRA",122,59.445056,63400
"FRA",105,58.158476,54600
"FRA",97,58.158476,50400
"FRA",134,59.445056,69700
"FRA",121,59.445056,62900
"FRA",142,59.445056,73800
"FRA",87,50.563436,45200
"FRA",77,57.327082,40000
"FRA",102,58.158476,53000
"FRA",76,64.637227,39500
"FRA",96,58.158476,49900
"FRA",74,64.637227,38500
"FRA",54,70.283897,28100
"FRA",107,70.919662,55600
"FRA",98,58.158476,50900
"FRA",51,58.365901,26500
"FRA",114,57.66229,59300
"FRA",108,57.66229,56100
"FRA",82,50.563436,42600
"FRA",133,59.445056,69100
"FRA",117,57.66229,60800
"FRA",83,50.563436,43100
"FRA",115,57.66229,59800
"FRA",81,50.563436,42100
"FRA",146,59.445056,75900
"FRA",144,59.445056,74900
"FRA",79,50.563436,41100
"FRA",139,59.445056,72300
"FRA",100,58.158476,52000
"FRA",150,59.445056,78000
"FRA",147,59.445056,76400
"FRA",110,57.66229,57200
"FRA",116,57.66229,60300
"FRA",84,50.563436,43700
"FRA",53,58.365901,27600
"FRA",56,64.556198,29100
"FRA",140,59.445056,72800
"FRA",113,57.66229,58700
"FRA",143,59.445056,74300
"FRA",111,57.66229,57700
"FRA",125,59.445056,65000
"FRA",72,64.637227,37400
"FRA",63,64.556198,32800
"FRA",69,64.637227,35900
"FRA",50,58.365901,26000
"FRA",137,59.445056,71200
"GBR",50,40.246046,28900
"GBR",51,40.246046,29500
"GBR",52,40.246046,30100
"GBR",53,40.246046,30700
"GBR",54,40.246046,31200
"GBR",55,40.246046,31800
"GBR",56,40.246046,32400
"GBR",57,40.246046,33000
"GBR",58,40.246046,33600
"GBR",59,40.246046,34100
"GBR",60,40.246046,34700
"GBR",61,40.246046,35300
"GBR",62,40.246046,35900
"GBR",63,40.246046,36400
"GBR",64,40.246046,37000
"GBR",65,40.246046,37600
"GBR",66,40.246046,38200
"GBR",67,40.246046,38800
"GBR",68,40.246046,39300
"GBR",69,40.246046,39900
"GBR",70,40.246046,40500
"GBR",71,40.246046,41100
"GBR",72,40.246046,41700
"GBR",73,40.246046,42200
"GBR",74,40.246046,42800
"GBR",75,40.246046,43400
"GBR",76,40.246046,44000
"GBR",77,40.246046,44500
"GBR",78,40.246046,45100
"GBR",79,40.246046,45700
"GBR",80,40.246046,46300
"GBR",81,40.246046,46900
"GBR",82,40.246046,47400
"GBR",83,40.246046,48000
"GBR",84,40.246046,48600
"GBR",85,40.246046,49200
"GBR",86,40.246046,49800
"GBR",87,40.246046,50300
"GBR",88,40.246046,50900
"GBR",89,40.246046,51500
"GBR",90,40.246046,52100
"GBR",91,40.246046,52600
"GBR",92,40.246046,53200
"GBR",93,40.246046,53800
"GBR",94,40.246046,54400
"GBR",95,40.246046,55000
"GBR",96,40.246046,55500
"GBR",97,40.246046,56100
"GBR",98,40.246046,56700
"GBR",99,40.246046,57300
"GBR",100,40.246046,57900
"GBR",101,40.246046,58400
"GBR",102,40.246046,59000
"GBR",103,40.246046,59600
"GBR",104,40.246046,60200
"GBR",105,40.246046,60700
"GBR",106,40.246046,61300
"GBR",107,40.246046,61900
"GBR",108,40.246046,62500
"GBR",109,40.246046,63100
"GBR",110,40.246046,63600
"GBR",111,40.246046,64200
"GBR",112,40.246046,64800
"GBR",113,40.246046,65400
"GBR",114,40.246046,66000
"GBR",115,40.246046,66500
"GBR",116,40.246046,67100
"GBR",117,40.246046,67700
"GBR",118,40.246046,68300
"GBR",119,43.792775,68800
"GBR",120,49.033392,69400
"GBR",121,49.033392,70000
"GBR",122,49.033392,70600
"GBR",123,49.033392,71200
"GBR",124,49.033392,71700
"GBR",125,49.033392,72300
"GBR",126,49.033392,72900
"GBR",127,49.033392,73500
"GBR",128,49.033392,74100
"GBR",129,49.033392,74600
"GBR",130,49.033392,75200
"GBR",131,49.033392,75800
"GBR",132,49.033392,76400
"GBR",133,49.033392,76900
"GBR",134,49.033392,77500
"GBR",135,49.033392,78100
"GBR",136,49.033392,78700
"GBR",137,49.033392,79300
"GBR",138,49.033392,79800
"GBR",139,49.033392,80400
"GBR",140,49.033392,81000
"GBR",141,49.033392,81600
"GBR",142,49.033392,82200
"GBR",143,49.033392,82700
"GBR",144,49.033392,83300
"GBR",145,49.033392,83900
"GBR",146,49.033392,84500
"GBR",147,49.033392,85000
"GBR",148,49.033392,85600
"GBR",149,49.033392,86200
"GBR",150,49.033392,86800
"GRC",81,49.925873,31400
"GRC",139,55.896772,53900
"GRC",146,55.896772,56600
"GRC",114,55.896772,44200
"GRC",149,55.896772,57700
"GRC",88,49.925873,34100
"GRC",117,55.896772,45300
"GRC",102,49.925873,39500
"GRC",85,49.925873,32900
"GRC",62,47.076126,24000
"GRC",56,47.076126,21700
"GRC",120,55.896772,46500
"GRC",135,55.896772,52300
"GRC",53,38.255481,20500
"GRC",91,49.925873,35300
"GRC",112,55.896772,43400
"GRC",80,49.925873,31000
"GRC",67,49.403491,26000
"GRC",89,49.925873,34500
"GRC",71,49.925873,27500
"GRC",75,49.925873,29100
"GRC",107,49.925873,41500
"GRC",145,55.896772,56200
"GRC",84,49.925873,32600
"GRC",61,47.076126,23600
"GRC",125,55.896772,48400
"GRC",99,49.925873,38400
"GRC",113,55.896772,43800
"GRC",138,55.896772,53500
"GRC",116,55.896772,45000
"GRC",52,38.255481,20200
"GRC",128,55.896772,49600
"GRC",70,49.925873,27100
"GRC",93,49.925873,36000
"GRC",87,49.925873,33700
"GRC",142,55.896772,55000
"GRC",98,49.925873,38000
"GRC",55,38.378173,21300
"GRC",119,55.896772,46100
"GRC",133,55.896772,51500
"GRC",141,55.896772,54600
"GRC",106,49.925873,41100
"GRC",144,55.896772,55800
"GRC",130,55.896772,50400
"GRC",83,49.925873,32200
"GRC",58,47.076126,22500
"GRC",148,55.896772,57400
"GRC",110,49.925873,42600
"GRC",96,49.925873,37200
"GRC",115,55.896772,44600
"GRC",77,49.925873,29800
"GRC",54,38.255481,20900
"GRC",69,49.925873,26700
"GRC",136,55.896772,52700
"GRC",78,49.925873,30200
"GRC",64,47.076126,24800
"GRC",109,49.925873,42200
"GRC",51,38.255481,19800
"GRC",90,49.925873,34900
"GRC",101,49.925873,39100
"GRC",72,49.925873,27900
"GRC",122,55.896772,47300
"GRC",104,49.925873,40300
"GRC",59,47.076126,22900
"GRC",123,55.896772,47700
"GRC",143,55.896772,55400
"GRC",103,49.925873,39900
"GRC",132,55.896772,51200
"GRC",94,49.925873,36400
"GRC",74,49.925873,28700
"GRC",111,50.09198,43000
"GRC",82,49.925873,31800
"GRC",126,55.896772,48800
"GRC",97,49.925873,37600
"GRC",65,47.076126,25200
"GRC",68,49.925873,26400
"GRC",100,49.925873,38800
"GRC",129,55.896772,50000
"GRC",79,49.925873,30600
"GRC",131,55.896772,50800
"GRC",137,55.896772,53100
"GRC",73,49.925873,28300
"GRC",105,49.925873,40700
"GRC",140,55.896772,54300
"GRC",76,49.925873,29500
"GRC",50,38.255481,19400
"GRC",108,49.925873,41900
"GRC",134,55.896772,51900
"GRC",57,47.076126,22100
"GRC",60,47.076126,23300
"GRC",124,55.896772,48100
"GRC",121,55.896772,46900
"GRC",66,47.076126,25600
"GRC",92,49.925873,35700
"GRC",150,55.896772,58100
"GRC",118,55.896772,45700
"GRC",86,49.925873,33300
"GRC",147,55.896772,57000
"GRC",127,55.896772,49200
"GRC",95,49.925873,36800
"GRC",63,47.076126,24400
"HUN",50,43.644068,17100
"HUN",51,43.644068,17400
"HUN",52,43.644068,17700
"HUN",53,43.644068,18100
"HUN",54,43.644068,18400
"HUN",55,43.644068,18800
"HUN",56,43.644068,19100
"HUN",57,43.644068,19400
"HUN",58,43.644068,19800
"HUN",59,43.644068,20100
"HUN",60,43.644068,20500
"HUN",61,43.644068,20800
"HUN",62,43.644068,21100
"HUN",63,43.644068,21500
"HUN",64,43.644068,21800
"HUN",65,43.644068,22200
"HUN",66,43.644068,22500
"HUN",67,43.644068,22900
"HUN",68,43.644068,23200
"HUN",69,43.644068,23500
"HUN",70,43.644068,23900
"HUN",71,43.644068,24200
"HUN",72,43.644068,24600
"HUN",73,43.644068,24900
"HUN",74,43.644068,25200
"HUN",75,43.644068,25600
"HUN",76,43.644068,25900
"HUN",77,43.644068,26300
"HUN",78,43.644068,26600
"HUN",79,43.644068,26900
"HUN",80,43.644068,27300
"HUN",81,43.644068,27600
"HUN",82,43.644068,28000
"HUN",83,43.644068,28300
"HUN",84,43.644068,28700
"HUN",85,43.644068,29000
"HUN",86,43.644068,29300
"HUN",87,43.644068,29700
"HUN",88,43.644068,30000
"HUN",89,43.644068,30400
"HUN",90,43.644068,30700
"HUN",91,43.644068,31000
"HUN",92,43.644068,31400
"HUN",93,43.644068,31700
"HUN",94,43.644068,32100
"HUN",95,43.644068,32400
"HUN",96,43.644068,32700
"HUN",97,43.644068,33100
"HUN",98,43.644068,33400
"HUN",99,43.644068,33800
"HUN",100,43.644068,34100
"HUN",101,43.644068,34400
"HUN",102,43.644068,34800
"HUN",103,43.644068,35100
"HUN",104,43.644068,35500
"HUN",105,43.644068,35800
"HUN",106,43.644068,36200
"HUN",107,43.644068,36500
"HUN",108,43.644068,36800
"HUN",109,43.644068,37200
"HUN",110,43.644068,37500
"HUN",111,43.644068,37900
"HUN",112,43.644068,38200
"HUN",113,43.644068,38500
"HUN",114,43.644068,38900
"HUN",115,43.644068,39200
"HUN",116,43.644068,39600
"HUN",117,43.644068,39900
"HUN",118,43.644068,40200
"HUN",119,43.644068,40600
"HUN",120,43.644068,40900
"HUN",121,43.644068,41300
"HUN",122,43.644068,41600
"HUN",123,43.644068,42000
"HUN",124,43.644068,42300
"HUN",125,43.644068,42600
"HUN",126,43.644068,43000
"HUN",127,43.644068,43300
"HUN",128,43.644068,43700
"HUN",129,43.644068,44000
"HUN",130,43.644068,44300
"HUN",131,43.644068,44700
"HUN",132,43.644068,45000
"HUN",133,43.644068,45400
"HUN",134,43.644068,45700
"HUN",135,43.644068,46000
"HUN",136,43.644068,46400
"HUN",137,43.644068,46700
"HUN",138,43.644068,47100
"HUN",139,43.644068,47400
"HUN",140,43.644068,47800
"HUN",141,43.644068,48100
"HUN",142,43.644068,48400
"HUN",143,43.644068,48800
"HUN",144,43.644068,49100
"HUN",145,43.644068,49500
"HUN",146,43.644068,49800
"HUN",147,43.644068,50100
"HUN",148,43.644068,50500
"HUN",149,43.644068,50800
"HUN",150,43.644068,51200
"IRL",50,35.614588,28900
"IRL",51,35.614588,29400
"IRL",52,35.614588,30000
"IRL",53,35.614588,30600
"IRL",54,35.614588,31200
"IRL",55,35.614588,31700
"IRL",56,35.614588,32300
"IRL",57,35.614588,32900
"IRL",58,35.614588,33500
"IRL",59,35.614588,34000
"IRL",60,35.614588,34600
"IRL",61,35.614588,35200
"IRL",62,35.614588,35800
"IRL",63,35.614588,36400
"IRL",64,35.614588,36900
"IRL",65,35.614588,37500
"IRL",66,35.614588,38100
"IRL",67,35.614588,38700
"IRL",68,35.614588,39200
"IRL",69,35.614588,39800
"IRL",70,35.614588,40400
"IRL",71,35.614588,41000
"IRL",72,35.614588,41600
"IRL",73,35.614588,42100
"IRL",74,35.614588,42700
"IRL",75,42.583374,43300
"IRL",76,53.624493,43900
"IRL",77,53.624493,44400
"IRL",78,53.624493,45000
"IRL",79,53.624493,45600
"IRL",80,53.624493,46200
"IRL",81,53.624493,46700
"IRL",82,53.624493,47300
"IRL",83,53.624493,47900
"IRL",84,53.624493,48500
"IRL",85,53.624493,49100
"IRL",86,53.624493,49600
"IRL",87,53.624493,50200
"IRL",88,53.624493,50800
"IRL",89,53.624493,51400
"IRL",90,53.624493,51900
"IRL",91,53.624493,52500
"IRL",92,53.624493,53100
"IRL",93,53.624493,53700
"IRL",94,53.624493,54200
"IRL",95,53.624493,54800
"IRL",96,53.624493,55400
"IRL",97,53.624493,56000
"IRL",98,53.624493,56600
"IRL",99,53.624493,57100
"IRL",100,53.624493,57700
"IRL",101,53.624493,58300
"IRL",102,53.624493,58900
"IRL",103,53.624493,59400
"IRL",104,53.624493,60000
"IRL",105,53.624493,60600
"IRL",106,53.624493,61200
"IRL",107,53.624493,61700
"IRL",108,53.624493,62300
"IRL",109,53.624493,62900
"IRL",110,53.624493,63500
"IRL",111,53.624493,64100
"IRL",112,53.624493,64600
"IRL",113,53.624493,65200
"IRL",114,53.624493,65800
"IRL",115,53.624493,66400
"IRL",116,53.624493,66900
"IRL",117,53.624493,67500
"IRL",118,53.624493,68100
"IRL",119,53.624493,68700
"IRL",120,53.624493,69300
"IRL",121,53.624493,69800
"IRL",122,53.624493,70400
"IRL",123,53.624493,71000
"IRL",124,53.624493,71600
"IRL",125,53.624493,72100
"IRL",126,53.624493,72700
"IRL",127,53.624493,73300
"IRL",128,53.624493,73900
"IRL",129,53.624493,74400
"IRL",130,53.624493,75000
"IRL",131,53.624493,75600
"IRL",132,53.624493,76200
"IRL",133,53.624493,76800
"IRL",134,53.624493,77300
"IRL",135,53.624493,77900
"IRL",136,53.624493,78500
"IRL",137,53.624493,79100
"IRL",138,53.624493,79600
"IRL",139,53.624493,80200
"IRL",140,53.624493,80800
"IRL",141,53.624493,81400
"IRL",142,53.624493,81900
"IRL",143,53.624493,82500
"IRL",144,53.624493,83100
"IRL",145,53.624493,83700
"IRL",146,53.624493,84300
"IRL",147,53.624493,84800
"IRL",148,53.624493,85400
"IRL",149,53.624493,86000
"IRL",150,56.665421,86600
"ISL",50,39.541514,33000
"ISL",51,39.541514,33600
"ISL",52,39.541514,34300
"ISL",53,39.541514,34900
"ISL",54,39.541514,35600
"ISL",55,39.541514,36300
"ISL",56,39.541514,36900
"ISL",57,39.541514,37600
"ISL",58,39.541514,38200
"ISL",59,39.541514,38900
"ISL",60,39.541514,39600
"ISL",61,39.541514,40200
"ISL",62,39.541514,40900
"ISL",63,39.541514,41500
"ISL",64,39.541514,42200
"ISL",65,39.541514,42900
"ISL",66,39.541514,43500
"ISL",67,39.541514,44200
"ISL",68,39.541514,44800
"ISL",69,39.541514,45500
"ISL",70,39.541514,46200
"ISL",71,39.541514,46800
"ISL",72,39.541514,47500
"ISL",73,39.541514,48100
"ISL",74,39.541514,48800
"ISL",75,39.541514,49400
"ISL",76,39.541514,50100
"ISL",77,39.541514,50800
"ISL",78,39.541514,51400
"ISL",79,39.541514,52100
"ISL",80,39.541514,52700
"ISL",81,39.541514,53400
"ISL",82,39.541514,54100
"ISL",83,39.541514,54700
"ISL",84,39.541514,55400
"ISL",85,39.541514,56000
"ISL",86,39.541514,56700
"ISL",87,39.541514,57400
"ISL",88,39.541514,58000
"ISL",89,39.541514,58700
"ISL",90,39.541514,59300
"ISL",91,39.541514,60000
"ISL",92,39.541514,60700
"ISL",93,39.541514,61300
"ISL",94,39.541514,62000
"ISL",95,39.541514,62600
"ISL",96,39.541514,63300
"ISL",97,39.541514,64000
"ISL",98,39.541514,64600
"ISL",99,39.541514,65300
"ISL",100,39.541514,65900
"ISL",101,39.541514,66600
"ISL",102,39.541514,67200
"ISL",103,39.541514,67900
"ISL",104,39.541514,68600
"ISL",105,39.541514,69200
"ISL",106,39.541514,69900
"ISL",107,39.541514,70500
"ISL",108,39.541514,71200
"ISL",109,39.541514,71900
"ISL",110,39.541514,72500
"ISL",111,39.541514,73200
"ISL",112,39.541514,73800
"ISL",113,39.541514,74500
"ISL",114,39.541514,75200
"ISL",115,39.541514,75800
"ISL",116,39.541514,76500
"ISL",117,39.541514,77100
"ISL",118,39.541514,77800
"ISL",119,39.541514,78500
"ISL",120,39.541514,79100
"ISL",121,39.541514,79800
"ISL",122,39.541514,80400
"ISL",123,39.541514,81100
"ISL",124,39.541514,81800
"ISL",125,39.541514,82400
"ISL",126,39.541514,83100
"ISL",127,40.679143,83700
"ISL",128,47.710766,84400
"ISL",129,47.710766,85000
"ISL",130,47.710766,85700
"ISL",131,47.710766,86400
"ISL",132,47.710766,87000
"ISL",133,47.710766,87700
"ISL",134,47.710766,88300
"ISL",135,47.710766,89000
"ISL",136,47.710766,89700
"ISL",137,47.710766,90300
"ISL",138,47.710766,91000
"ISL",139,47.710766,91600
"ISL",140,47.710766,92300
"ISL",141,47.710766,93000
"ISL",142,47.710766,93600
"ISL",143,47.710766,94300
"ISL",144,47.710766,94900
"ISL",145,47.710766,95600
"ISL",146,47.710766,96300
"ISL",147,47.710766,96900
"ISL",148,47.710766,97600
"ISL",149,47.710766,98200
"ISL",150,47.710766,98900
"ISR",50,31.226766,21400
"ISR",51,31.226766,21800
"ISR",52,31.226766,22200
"ISR",53,31.226766,22600
"ISR",54,31.226766,23100
"ISR",55,31.226766,23500
"ISR",56,31.226766,23900
"ISR",57,31.226766,24300
"ISR",58,31.226766,24800
"ISR",59,31.226766,25200
"ISR",60,31.226766,25600
"ISR",61,31.226766,26000
"ISR",62,31.226766,26500
"ISR",63,31.226766,26900
"ISR",64,31.226766,27300
"ISR",65,31.226766,27800
"ISR",66,31.226766,28200
"ISR",67,31.226766,28600
"ISR",68,31.226766,29000
"ISR",69,34.79361,29500
"ISR",70,36.802974,29900
"ISR",71,36.802974,30300
"ISR",72,36.802974,30700
"ISR",73,36.802974,31200
"ISR",74,36.802974,31600
"ISR",75,36.802974,32000
"ISR",76,36.802974,32500
"ISR",77,36.802974,32900
"ISR",78,36.802974,33300
"ISR",79,36.802974,33700
"ISR",80,36.802974,34200
"ISR",81,36.802974,34600
"ISR",82,36.802974,35000
"ISR",83,36.802974,35400
"ISR",84,36.802974,35900
"ISR",85,36.802974,36300
"ISR",86,36.802974,36700
"ISR",87,36.802974,37200
"ISR",88,36.802974,37600
"ISR",89,36.802974,38000
"ISR",90,36.802974,38400
"ISR",91,36.802974,38900
"ISR",92,36.802974,39300
"ISR",93,36.802974,39700
"ISR",94,36.802974,40100
"ISR",95,36.802974,40600
"ISR",96,36.802974,41000
"ISR",97,36.802974,41400
"ISR",98,36.802974,41800
"ISR",99,36.802974,42300
"ISR",100,36.802974,42700
"ISR",101,36.802974,43100
"ISR",102,36.802974,43600
"ISR",103,36.802974,44000
"ISR",104,36.802974,44400
"ISR",105,36.802974,44800
"ISR",106,36.802974,45300
"ISR",107,36.802974,45700
"ISR",108,36.802974,46100
"ISR",109,36.802974,46500
"ISR",110,36.802974,47000
"ISR",111,43.204941,47400
"ISR",112,47.026022,47800
"ISR",113,47.026022,48300
"ISR",114,47.026022,48700
"ISR",115,47.026022,49100
"ISR",116,47.026022,49500
"ISR",117,47.026022,50000
"ISR",118,47.026022,50400
"ISR",119,47.026022,50800
"ISR",120,47.026022,51200
"ISR",121,47.026022,51700
"ISR",122,47.026022,52100
"ISR",123,47.026022,52500
"ISR",124,47.026022,53000
"ISR",125,47.026022,53400
"ISR",126,47.026022,53800
"ISR",127,47.026022,54200
"ISR",128,47.026022,54700
"ISR",129,47.026022,55100
"ISR",130,47.026022,55500
"ISR",131,47.026022,55900
"ISR",132,47.026022,56400
"ISR",133,47.026022,56800
"ISR",134,47.026022,57200
"ISR",135,47.026022,57600
"ISR",136,47.026022,58100
"ISR",137,47.026022,58500
"ISR",138,47.026022,58900
"ISR",139,47.026022,59400
"ISR",140,47.026022,59800
"ISR",141,47.026022,60200
"ISR",142,47.026022,60600
"ISR",143,47.026022,61100
"ISR",144,47.026022,61500
"ISR",145,47.026022,61900
"ISR",146,47.026022,62300
"ISR",147,47.026022,62800
"ISR",148,47.026022,63200
"ISR",149,47.026022,63600
"ISR",150,47.026022,64100
"ITA",50,51.945367,22400
"ITA",51,51.945367,22800
"ITA",52,51.945367,23300
"ITA",53,51.945367,23700
"ITA",54,52.449231,24200
"ITA",55,54.696849,24600
"ITA",56,54.696849,25100
"ITA",57,54.696849,25500
"ITA",58,54.696849,26000
"ITA",59,54.696849,26400
"ITA",60,54.696849,26900
"ITA",61,54.696849,27300
"ITA",62,54.696849,27700
"ITA",63,54.696849,28200
"ITA",64,54.696849,28600
"ITA",65,54.696849,29100
"ITA",66,54.696849,29500
"ITA",67,54.696849,30000
"ITA",68,54.696849,30400
"ITA",69,54.696849,30900
"ITA",70,54.696849,31300
"ITA",71,54.696849,31800
"ITA",72,54.696849,32200
"ITA",73,54.696849,32700
"ITA",74,54.696849,33100
"ITA",75,54.696849,33600
"ITA",76,54.696849,34000
"ITA",77,54.696849,34500
"ITA",78,54.696849,34900
"ITA",79,54.696849,35400
"ITA",80,54.696849,35800
"ITA",81,54.696849,36300
"ITA",82,54.696849,36700
"ITA",83,54.696849,37100
"ITA",84,54.696849,37600
"ITA",85,54.696849,38000
"ITA",86,54.696849,38500
"ITA",87,54.696849,38900
"ITA",88,54.696849,39400
"ITA",89,56.353088,39800
"ITA",90,71.205741,40300
"ITA",91,71.205741,40700
"ITA",92,71.205741,41200
"ITA",93,71.205741,41600
"ITA",94,71.205741,42100
"ITA",95,71.205741,42500
"ITA",96,71.205741,43000
"ITA",97,58.140483,43400
"ITA",98,54.696849,43900
"ITA",99,54.696849,44300
"ITA",100,54.696849,44800
"ITA",101,54.696849,45200
"ITA",102,60.189393,45700
"ITA",103,62.831955,46100
"ITA",104,62.831955,46500
"ITA",105,62.831955,47000
"ITA",106,62.831955,47400
"ITA",107,62.831955,47900
"ITA",108,62.831955,48300
"ITA",109,62.831955,48800
"ITA",110,62.831955,49200
"ITA",111,62.831955,49700
"ITA",112,62.831955,50100
"ITA",113,62.831955,50600
"ITA",114,62.831955,51000
"ITA",115,62.831955,51500
"ITA",116,62.831955,51900
"ITA",117,62.831955,52400
"ITA",118,62.831955,52800
"ITA",119,62.831955,53300
"ITA",120,62.831955,53700
"ITA",121,62.831955,54200
"ITA",122,62.831955,54600
"ITA",123,62.831955,55000
"ITA",124,62.831955,55500
"ITA",125,62.831955,55900
"ITA",126,62.831955,56400
"ITA",127,117.21436,56800
"ITA",128,69.08175,57300
"ITA",129,69.08175,57700
"ITA",130,69.08175,58200
"ITA",131,69.08175,58600
"ITA",132,69.08175,59100
"ITA",133,69.08175,59500
"ITA",134,69.08175,60000
"ITA",135,69.08175,60400
"ITA",136,69.08175,60900
"ITA",137,69.08175,61300
"ITA",138,69.08175,61800
"ITA",139,69.08175,62200
"ITA",140,69.08175,62700
"ITA",141,69.08175,63100
"ITA",142,69.08175,63600
"ITA",143,69.08175,64000
"ITA",144,69.08175,64400
"ITA",145,69.08175,64900
"ITA",146,63.655837,65300
"ITA",147,62.478193,65800
"ITA",148,62.478193,66200
"ITA",149,62.478193,66700
"ITA",150,62.478193,67100
"JPN",50,33.114448,25600
"JPN",51,33.114448,26200
"JPN",52,33.114448,26700
"JPN",53,33.114448,27200
"JPN",54,33.114448,27700
"JPN",55,33.114448,28200
"JPN",56,33.114448,28700
"JPN",57,33.114448,29200
"JPN",58,33.114448,29700
"JPN",59,33.114448,30300
"JPN",60,33.114448,30800
"JPN",61,33.114448,31300
"JPN",62,33.114448,31800
"JPN",63,33.114448,32300
"JPN",64,33.114448,32800
"JPN",65,33.114448,33300
"JPN",66,33.114448,33900
"JPN",67,33.114448,34400
"JPN",68,33.114448,34900
"JPN",69,33.86259,35400
"JPN",70,34.423828,35900
"JPN",71,34.423828,36400
"JPN",72,34.423828,36900
"JPN",73,34.423828,37400
"JPN",74,34.423828,38000
"JPN",75,34.423828,38500
"JPN",76,34.423828,39000
"JPN",77,34.423828,39500
"JPN",78,34.423828,40000
"JPN",79,34.423828,40500
"JPN",80,34.423828,41000
"JPN",81,34.423828,41500
"JPN",82,34.423828,42100
"JPN",83,34.423828,42600
"JPN",84,36.049914,43100
"JPN",85,37.324597,43600
"JPN",86,37.324597,44100
"JPN",87,37.324597,44600
"JPN",88,37.324597,45100
"JPN",89,37.324597,45600
"JPN",90,37.324597,46200
"JPN",91,37.324597,46700
"JPN",92,37.324597,47200
"JPN",93,37.324597,47700
"JPN",94,37.324597,48200
"JPN",95,37.324597,48700
"JPN",96,37.324597,49200
"JPN",97,37.324597,49700
"JPN",98,37.324597,50300
"JPN",99,37.324597,50800
"JPN",100,37.324597,51300
"JPN",101,37.324597,51800
"JPN",102,37.324597,52300
"JPN",103,37.324597,52800
"JPN",104,37.324597,53300
"JPN",105,37.324597,53900
"JPN",106,37.324597,54400
"JPN",107,37.324597,54900
"JPN",108,37.324597,55400
"JPN",109,37.324597,55900
"JPN",110,37.324597,56400
"JPN",111,37.324597,56900
"JPN",112,37.324597,57400
"JPN",113,37.324597,58000
"JPN",114,37.324597,58500
"JPN",115,37.324597,59000
"JPN",116,37.324597,59500
"JPN",117,37.324597,60000
"JPN",118,37.324597,60500
"JPN",119,37.324597,61000
"JPN",120,37.324597,61500
"JPN",121,37.324597,62100
"JPN",122,37.324597,62600
"JPN",123,37.324597,63100
"JPN",124,42.207609,63600
"JPN",125,43.126136,64100
"JPN",126,43.126136,64600
"JPN",127,45.009402,65100
"JPN",128,45.763098,65600
"JPN",129,45.763098,66200
"JPN",130,45.763098,66700
"JPN",131,45.763098,67200
"JPN",132,45.763098,67700
"JPN",133,45.763098,68200
"JPN",134,45.763098,68700
"JPN",135,45.763098,69200
"JPN",136,45.763098,69800
"JPN",137,45.763098,70300
"JPN",138,45.763098,70800
"JPN",139,45.763098,71300
"JPN",140,45.763098,71800
"JPN",141,45.763098,72300
"JPN",142,45.763098,72800
"JPN",143,40.498897,73300
"JPN",144,35.096262,73900
"JPN",145,35.096262,74400
"JPN",146,35.096262,74900
"JPN",147,35.096262,75400
"JPN",148,35.096262,75900
"JPN",149,35.096262,76400
"JPN",150,35.096262,76900
"KOR",50,19.877418,26600
"KOR",51,19.877418,27200
"KOR",52,19.877418,27700
"KOR",53,21.122523,28200
"KOR",54,22.934489,28800
"KOR",55,22.934489,29300
"KOR",56,22.934489,29800
"KOR",57,22.934489,30400
"KOR",58,22.934489,30900
"KOR",59,22.934489,31400
"KOR",60,22.934489,32000
"KOR",61,22.934489,32500
"KOR",62,22.934489,33000
"KOR",63,22.934489,33600
"KOR",64,23.940148,34100
"KOR",65,25.76511,34600
"KOR",66,28.37159,35200
"KOR",67,29.161855,35700
"KOR",68,29.161855,36200
"KOR",69,29.161855,36800
"KOR",70,29.161855,37300
"KOR",71,29.394224,37800
"KOR",72,29.956173,38400
"KOR",73,29.956173,38900
"KOR",74,29.956173,39400
"KOR",75,29.956173,40000
"KOR",76,29.956173,40500
"KOR",77,29.956173,41000
"KOR",78,29.956173,41600
"KOR",79,29.956173,42100
"KOR",80,29.956173,42600
"KOR",81,29.956173,43200
"KOR",82,29.956173,43700
"KOR",83,29.956173,44200
"KOR",84,29.956173,44800
"KOR",85,29.956173,45300
"KOR",86,29.956173,45800
"KOR",87,29.956173,46400
"KOR",88,29.956173,46900
"KOR",89,29.956173,47400
"KOR",90,29.956173,48000
"KOR",91,29.956173,48500
"KOR",92,29.956173,49000
"KOR",93,29.508967,49600
"KOR",94,29.161855,50100
"KOR",95,29.161855,50600
"KOR",96,29.161855,51200
"KOR",97,29.485191,51700
"KOR",98,30.651202,52200
"KOR",99,30.651202,52800
"KOR",100,30.651202,53300
"KOR",101,30.651202,53800
"KOR",102,30.651202,54300
"KOR",103,30.651202,54900
"KOR",104,30.651202,55400
"KOR",105,30.651202,55900
"KOR",106,30.651202,56500
"KOR",107,30.651202,57000
"KOR",108,30.651202,57500
"KOR",109,30.651202,58100
"KOR",110,30.651202,58600
"KOR",111,30.651202,59100
"KOR",112,30.651202,59700
"KOR",113,30.651202,60200
"KOR",114,30.651202,60700
"KOR",115,30.651202,61300
"KOR",116,30.651202,61800
"KOR",117,30.651202,62300
"KOR",118,30.651202,62900
"KOR",119,30.651202,63400
"KOR",120,30.651202,63900
"KOR",121,30.651202,64500
"KOR",122,30.651202,65000
"KOR",123,30.651202,65500
"KOR",124,30.651202,66100
"KOR",125,30.651202,66600
"KOR",126,30.651202,67100
"KOR",127,30.651202,67700
"KOR",128,30.296819,68200
"KOR",129,24.179849,68700
"KOR",130,24.179849,69300
"KOR",131,24.179849,69800
"KOR",132,24.179849,70300
"KOR",133,24.179849,70900
"KOR",134,24.179849,71400
"KOR",135,24.179849,71900
"KOR",136,24.179849,72500
"KOR",137,24.179849,73000
"KOR",138,24.179849,73500
"KOR",139,24.179849,74100
"KOR",140,24.179849,74600
"KOR",141,24.179849,75100
"KOR",142,24.179849,75700
"KOR",143,25.570841,76200
"KOR",144,32.611554,76700
"KOR",145,32.611554,77300
"KOR",146,32.611554,77800
"KOR",147,32.611554,78300
"KOR",148,32.611554,78900
"KOR",149,32.611554,79400
"KOR",150,32.611554,79900
"LTU",50,44.297082,18200
"LTU",51,44.297082,18600
"LTU",52,44.297082,19000
"LTU",53,44.297082,19300
"LTU",54,44.297082,19700
"LTU",55,44.297082,20100
"LTU",56,44.297082,20400
"LTU",59,44.297082,21500
"LTU",60,44.297082,21900
"LTU",61,44.297082,22200
"LTU",62,44.297082,22600
"LTU",63,44.297082,23000
"LTU",64,44.297082,23300
"LTU",65,44.297082,23700
"LTU",66,44.297082,24100
"LTU",70,44.297082,25500
"LTU",72,44.297082,26200
"LTU",73,44.297082,26600
"LTU",74,44.297082,27000
"LTU",75,44.297082,27300
"LTU",76,44.297082,27700
"LTU",80,44.297082,29200
"LTU",81,44.297082,29500
"LTU",83,44.297082,30300
"LTU",84,44.297082,30600
"LTU",85,44.297082,31000
"LTU",86,44.297082,31400
"LTU",87,44.297082,31700
"LTU",91,44.297082,33200
"LTU",92,44.297082,33500
"LTU",93,44.297082,33900
"LTU",94,44.297082,34300
"LTU",95,44.297082,34600
"LTU",96,44.297082,35000
"LTU",97,44.297082,35400
"LTU",101,44.297082,36800
"LTU",102,44.297082,37200
"LTU",103,44.297082,37500
"LTU",104,44.297082,37900
"LTU",105,44.297082,38300
"LTU",106,44.297082,38600
"LTU",107,44.297082,39000
"LTU",108,44.297082,39400
"LTU",111,44.297082,40500
"LTU",112,44.297082,40800
"LTU",113,44.297082,41200
"LTU",114,44.297082,41600
"LTU",115,44.297082,41900
"LTU",116,44.297082,42300
"LTU",117,44.297082,42700
"LTU",118,44.297082,43000
"LTU",122,44.297082,44500
"LTU",123,44.297082,44800
"LTU",124,44.297082,45200
"LTU",125,44.297082,45600
"LTU",126,44.297082,45900
"LTU",127,44.297082,46300
"LTU",128,44.297082,46700
"LTU",133,44.297082,48500
"LTU",134,44.297082,48900
"LTU",135,44.297082,49200
"LTU",136,44.297082,49600
"LTU",140,44.297082,51000
"LTU",141,44.297082,51400
"LTU",142,44.297082,51800
"LTU",143,44.297082,52100
"LTU",144,44.297082,52500
"LTU",145,44.297082,52900
"LTU",146,44.297082,53200
"LTU",150,44.297082,54700
"LTU",57,44.297082,20800
"LTU",58,44.297082,21100
"LTU",67,44.297082,24400
"LTU",68,44.297082,24800
"LTU",69,44.297082,25200
"LTU",71,44.297082,25900
"LTU",77,44.297082,28100
"LTU",78,44.297082,28400
"LTU",79,44.297082,28800
"LTU",82,44.297082,29900
"LTU",88,44.297082,32100
"LTU",89,44.297082,32400
"LTU",90,44.297082,32800
"LTU",98,44.297082,35700
"LTU",99,44.297082,36100
"LTU",100,44.297082,36500
"LTU",109,44.297082,39700
"LTU",110,44.297082,40100
"LTU",119,44.297082,43400
"LTU",120,44.297082,43700
"LTU",121,44.297082,44100
"LTU",129,44.297082,47000
"LTU",130,44.297082,47400
"LTU",131,44.297082,47800
"LTU",132,44.297082,48100
"LTU",137,44.297082,49900
"LTU",138,44.297082,50300
"LTU",139,44.297082,50700
"LTU",147,44.297082,53600
"LTU",148,44.297082,54000
"LTU",149,44.297082,54300
"LUX",50,39.083363,33500
"LUX",51,41.457497,34200
"LUX",52,49.931462,34800
"LUX",53,52.663741,35500
"LUX",54,51.552031,36200
"LUX",55,51.552031,36800
"LUX",56,53.172599,37500
"LUX",57,53.169358,38200
"LUX",58,53.172599,38900
"LUX",59,54.955225,39500
"LUX",60,53.512919,40200
"LUX",61,54.793168,40900
"LUX",62,44.75471,41500
"LUX",63,42.486558,42200
"LUX",64,43.170438,42900
"LUX",65,46.213866,43500
"LUX",66,44.107126,44200
"LUX",67,44.107126,44900
"LUX",68,47.511362,45600
"LUX",69,47.046261,46200
"LUX",70,47.046261,46900
"LUX",71,49.315057,47600
"LUX",72,48.579319,48200
"LUX",73,48.666829,48900
"LUX",74,48.666829,49600
"LUX",75,51.353732,50200
"LUX",76,50.287398,50900
"LUX",77,50.287398,51600
"LUX",78,52.880308,52300
"LUX",79,50.887009,52900
"LUX",80,51.907967,53600
"LUX",81,54.662934,54300
"LUX",82,51.907967,54900
"LUX",83,52.851138,55600
"LUX",84,56.445559,56300
"LUX",85,53.528536,56900
"LUX",86,53.528536,57600
"LUX",87,57.894348,58300
"LUX",88,55.149104,59000
"LUX",89,55.149104,59600
"LUX",90,58.314075,60300
"LUX",91,55.959389,61000
"LUX",92,55.959389,61600
"LUX",93,59.119498,62300
"LUX",94,55.959389,63000
"LUX",95,55.959389,63600
"LUX",96,59.119498,64300
"LUX",97,55.959389,65000
"LUX",98,55.959389,65700
"LUX",99,59.119498,66300
"LUX",100,55.959389,67000
"LUX",101,55.959389,67700
"LUX",102,59.119498,68300
"LUX",103,55.959389,69000
"LUX",104,55.959389,69700
"LUX",105,59.119498,70300
"LUX",106,55.959389,71000
"LUX",107,55.959389,71700
"LUX",108,59.119498,72400
"LUX",109,55.959389,73000
"LUX",110,55.959389,73700
"LUX",111,59.119498,74400
"LUX",112,55.959389,75000
"LUX",113,55.959389,75700
"LUX",114,59.119498,76400
"LUX",115,55.959389,77000
"LUX",116,55.959389,77700
"LUX",117,55.959389,78400
"LUX",118,59.119498,79100
"LUX",119,55.959389,79700
"LUX",120,55.959389,80400
"LUX",121,59.119498,81100
"LUX",122,55.959389,81700
"LUX",123,55.959389,82400
"LUX",124,59.119498,83100
"LUX",125,55.959389,83700
"LUX",126,55.959389,84400
"LUX",127,59.119498,85100
"LUX",128,55.959389,85800
"LUX",129,55.959389,86400
"LUX",130,59.119498,87100
"LUX",131,55.959389,87800
"LUX",132,55.959389,88400
"LUX",133,59.119498,89100
"LUX",134,55.959389,89800
"LUX",135,55.959389,90400
"LUX",136,59.119498,91100
"LUX",137,55.743391,91800
"LUX",138,54.640823,92500
"LUX",139,57.800932,93100
"LUX",140,54.640823,93800
"LUX",141,54.640823,94500
"LUX",142,57.800932,95100
"LUX",143,54.640823,95800
"LUX",144,54.640823,96500
"LUX",145,57.800932,97100
"LUX",146,54.640823,97800
"LUX",147,54.640823,98500
"LUX",148,57.800932,99100
"LUX",149,54.640823,99800
"LUX",150,54.640823,100500
"LVA",78,49.529719,20600
"LVA",116,42.62229,30700
"LVA",74,49.529719,19600
"LVA",56,49.529719,14800
"LVA",69,49.529719,18200
"LVA",145,42.62229,38300
"LVA",66,49.529719,17400
"LVA",125,42.62229,33000
"LVA",99,49.529719,26200
"LVA",96,49.529719,25400
"LVA",93,49.529719,24600
"LVA",138,42.62229,36500
"LVA",51,49.529719,13500
"LVA",64,49.529719,16900
"LVA",83,49.529719,21900
"LVA",141,42.62229,37300
"LVA",122,42.62229,32200
"LVA",109,49.529719,28800
"LVA",90,49.529719,23800
"LVA",54,49.529719,14300
"LVA",67,49.529719,17700
"LVA",80,49.529719,21100
"LVA",128,42.62229,33800
"LVA",101,49.529719,26700
"LVA",139,42.62229,36700
"LVA",148,42.62229,39100
"LVA",110,49.529719,29100
"LVA",112,42.62229,29600
"LVA",84,49.529719,22200
"LVA",65,49.529719,17200
"LVA",123,42.62229,32500
"LVA",117,42.62229,30900
"LVA",130,42.62229,34400
"LVA",149,42.62229,39400
"LVA",91,49.529719,24000
"LVA",143,42.62229,37800
"LVA",55,49.529719,14500
"LVA",98,49.529719,25900
"LVA",53,49.529719,14000
"LVA",72,49.529719,19000
"LVA",85,49.529719,22500
"LVA",87,49.529719,23000
"LVA",82,49.529719,21700
"LVA",136,42.62229,35900
"LVA",114,42.62229,30100
"LVA",146,42.62229,38600
"LVA",107,49.529719,28300
"LVA",94,49.529719,24800
"LVA",132,42.62229,34900
"LVA",58,49.529719,15300
"LVA",119,42.62229,31400
"LVA",129,42.62229,34100
"LVA",71,49.529719,18800
"LVA",103,49.529719,27200
"LVA",81,49.529719,21400
"LVA",60,49.529719,15900
"LVA",92,49.529719,24300
"LVA",134,42.62229,35400
"LVA",102,49.529719,27000
"LVA",105,49.529719,27700
"LVA",76,49.529719,20100
"LVA",63,49.529719,16600
"LVA",137,42.62229,36200
"LVA",140,42.62229,37000
"LVA",147,42.62229,38800
"LVA",57,49.529719,15100
"LVA",121,42.62229,32000
"LVA",127,42.62229,33600
"LVA",150,42.62229,39600
"LVA",108,49.529719,28500
"LVA",89,49.529719,23500
"LVA",88,49.529719,23300
"LVA",59,49.529719,15600
"LVA",120,42.62229,31700
"LVA",104,49.529719,27500
"LVA",62,49.529719,16400
"LVA",75,49.529719,19800
"LVA",133,42.62229,35100
"LVA",131,42.62229,34600
"LVA",79,49.529719,20900
"LVA",135,42.62229,35700
"LVA",52,49.529719,13700
"LVA",113,42.62229,29900
"LVA",111,46.203968,29300
"LVA",73,49.529719,19300
"LVA",124,42.62229,32800
"LVA",95,49.529719,25100
"LVA",50,49.529719,13200
"LVA",118,42.62229,31200
"LVA",86,49.529719,22700
"LVA",106,49.529719,28000
"LVA",144,42.62229,38100
"LVA",70,49.529719,18500
"LVA",61,49.529719,16100
"LVA",115,42.62229,30400
"LVA",77,49.529719,20300
"LVA",126,42.62229,33300
"LVA",68,49.529719,18000
"LVA",97,49.529719,25600
"LVA",142,42.62229,37500
"LVA",100,49.529719,26400
"MEX",50,17.476545,7000
"MEX",51,43.446223,7100
"MEX",52,17.476545,7200
"MEX",53,17.476545,7400
"MEX",54,17.476545,7500
"MEX",55,17.476545,7700
"MEX",56,17.476545,7800
"MEX",57,17.476545,7900
"MEX",58,17.476545,8100
"MEX",59,52.764047,8200
"MEX",60,17.476545,8400
"MEX",61,17.476545,8500
"MEX",62,17.476545,8600
"MEX",63,17.476545,8800
"MEX",64,17.476545,8900
"MEX",65,17.476545,9000
"MEX",66,17.476545,9200
"MEX",67,48.332713,9300
"MEX",68,17.476545,9500
"MEX",69,204.356888,9600
"MEX",70,17.476545,9700
"MEX",71,17.476545,9900
"MEX",72,18.049913,10000
"MEX",73,18.691561,10200
"MEX",74,18.691561,10300
"MEX",75,18.691561,10400
"MEX",76,18.691561,10600
"MEX",77,18.691561,10700
"MEX",78,18.691561,10900
"MEX",79,18.691561,11000
"MEX",80,18.691561,11100
"MEX",81,22.155463,11300
"MEX",82,23.428917,11400
"MEX",83,23.428917,11600
"MEX",84,23.428917,11700
"MEX",85,23.428917,11800
"MEX",86,23.428917,12000
"MEX",87,23.428917,12100
"MEX",88,23.428917,12200
"MEX",89,23.428917,12400
"MEX",90,23.428917,12500
"MEX",91,23.428917,12700
"MEX",92,23.428917,12800
"MEX",93,23.428917,12900
"MEX",94,24.942841,13100
"MEX",95,25.205426,13200
"MEX",96,25.205426,13400
"MEX",97,25.205426,13500
"MEX",98,25.205426,13600
"MEX",99,25.205426,13800
"MEX",100,25.205426,13900
"MEX",101,25.205426,14100
"MEX",102,25.205426,14200
"MEX",103,25.205426,14300
"MEX",104,25.205426,14500
"MEX",105,25.205426,14600
"MEX",106,25.205426,14800
"MEX",107,25.205426,14900
"MEX",108,25.205426,15000
"MEX",109,25.205426,15200
"MEX",110,25.205426,15300
"MEX",111,25.205426,15400
"MEX",112,27.348837,15600
"MEX",113,28.388337,15700
"MEX",114,28.388337,15900
"MEX",115,28.388337,16000
"MEX",116,28.388337,16100
"MEX",117,28.388337,16300
"MEX",118,28.388337,16400
"MEX",119,28.388337,16600
"MEX",120,28.388337,16700
"MEX",121,28.388337,16800
"MEX",122,28.388337,17000
"MEX",123,28.388337,17100
"MEX",124,28.388337,17300
"MEX",125,28.388337,17400
"MEX",126,28.388337,17500
"MEX",127,28.388337,17700
"MEX",128,28.388337,17800
"MEX",129,28.388337,18000
"MEX",130,28.388337,18100
"MEX",131,28.388337,18200
"MEX",132,28.388337,18400
"MEX",133,28.388337,18500
"MEX",134,28.388337,18600
"MEX",135,28.388337,18800
"MEX",136,28.388337,18900
"MEX",137,28.388337,19100
"MEX",138,28.388337,19200
"MEX",139,28.388337,19300
"MEX",140,28.388337,19500
"MEX",141,28.388337,19600
"MEX",142,28.388337,19800
"MEX",143,28.388337,19900
"MEX",144,28.388337,20000
"MEX",145,28.388337,20200
"MEX",146,28.388337,20300
"MEX",147,28.388337,20500
"MEX",148,28.388337,20600
"MEX",149,28.388337,20700
"MEX",150,28.388337,20900
"NLD",50,45.160022,34600
"NLD",51,45.160022,35300
"NLD",52,45.160022,36000
"NLD",53,45.160022,36700
"NLD",54,45.160022,37400
"NLD",55,45.160022,38100
"NLD",56,45.160022,38800
"NLD",57,45.160022,39500
"NLD",58,45.160022,40100
"NLD",59,45.160022,40800
"NLD",60,45.160022,41500
"NLD",61,45.160022,42200
"NLD",62,45.160022,42900
"NLD",63,45.160022,43600
"NLD",64,45.160022,44300
"NLD",65,45.160022,45000
"NLD",66,48.579252,45700
"NLD",67,51.550702,46400
"NLD",68,51.550702,47100
"NLD",69,51.550702,47800
"NLD",70,51.550702,48400
"NLD",71,51.550702,49100
"NLD",72,51.550702,49800
"NLD",73,51.550702,50500
"NLD",74,51.550702,51200
"NLD",75,51.550702,51900
"NLD",76,51.550702,52600
"NLD",77,51.550702,53300
"NLD",78,51.550702,54000
"NLD",79,51.550702,54700
"NLD",80,51.550702,55400
"NLD",81,51.550702,56100
"NLD",82,51.550702,56800
"NLD",83,51.550702,57400
"NLD",84,51.550702,58100
"NLD",85,51.550702,58800
"NLD",86,51.550702,59500
"NLD",87,51.550702,60200
"NLD",88,51.550702,60900
"NLD",89,51.550702,61600
"NLD",90,51.550702,62300
"NLD",91,51.550702,63000
"NLD",92,51.550702,63700
"NLD",93,51.550702,64400
"NLD",94,51.550702,65100
"NLD",95,51.550702,65800
"NLD",96,51.550702,66400
"NLD",97,51.550702,67100
"NLD",98,51.550702,67800
"NLD",99,51.550702,68500
"NLD",100,51.550702,69200
"NLD",101,51.550702,69900
"NLD",102,51.550702,70600
"NLD",103,51.550702,71300
"NLD",104,51.550702,72000
"NLD",105,51.550702,72700
"NLD",106,51.550702,73400
"NLD",107,51.550702,74100
"NLD",108,51.550702,74800
"NLD",109,51.327881,75400
"NLD",110,45.786548,76100
"NLD",111,45.786548,76800
"NLD",112,45.786548,77500
"NLD",113,45.786548,78200
"NLD",114,45.786548,78900
"NLD",115,45.786548,79600
"NLD",116,45.786548,80300
"NLD",117,45.786548,81000
"NLD",118,45.786548,81700
"NLD",119,45.786548,82400
"NLD",120,45.786548,83100
"NLD",121,45.786548,83700
"NLD",122,45.786548,84400
"NLD",123,45.786548,85100
"NLD",124,45.786548,85800
"NLD",125,45.786548,86500
"NLD",126,45.786548,87200
"NLD",127,45.786548,87900
"NLD",128,45.786548,88600
"NLD",129,45.786548,89300
"NLD",130,45.786548,90000
"NLD",131,45.977529,90700
"NLD",132,51.837,91400
"NLD",133,51.837,92100
"NLD",134,51.837,92700
"NLD",135,51.837,93400
"NLD",136,51.837,94100
"NLD",137,51.837,94800
"NLD",138,51.837,95500
"NLD",139,51.837,96200
"NLD",140,51.837,96900
"NLD",141,51.837,97600
"NLD",142,51.837,98300
"NLD",143,51.837,99000
"NLD",144,51.837,99700
"NLD",145,51.837,100400
"NLD",146,51.837,101100
"NLD",147,51.837,101700
"NLD",148,51.837,102400
"NLD",149,51.837,103100
"NLD",150,51.837,103800
"NOR",50,41.946903,31600
"NOR",51,41.946903,32300
"NOR",52,41.946903,32900
"NOR",53,41.946903,33500
"NOR",54,41.946903,34100
"NOR",55,41.946903,34800
"NOR",56,41.946903,35400
"NOR",57,41.946903,36000
"NOR",58,41.946903,36700
"NOR",59,41.946903,37300
"NOR",60,41.946903,37900
"NOR",61,41.946903,38600
"NOR",62,41.946903,39200
"NOR",63,41.946903,39800
"NOR",64,41.946903,40500
"NOR",65,41.946903,41100
"NOR",66,41.946903,41700
"NOR",67,41.946903,42400
"NOR",68,41.946903,43000
"NOR",69,41.946903,43600
"NOR",70,41.946903,44300
"NOR",71,41.946903,44900
"NOR",72,41.946903,45500
"NOR",73,41.946903,46200
"NOR",74,41.946903,46800
"NOR",75,41.946903,47400
"NOR",76,41.946903,48100
"NOR",77,41.946903,48700
"NOR",78,41.946903,49300
"NOR",79,41.946903,50000
"NOR",80,41.946903,50600
"NOR",81,41.946903,51200
"NOR",82,41.946903,51900
"NOR",83,41.946903,52500
"NOR",84,41.946903,53100
"NOR",85,41.946903,53800
"NOR",86,41.946903,54400
"NOR",87,41.946903,55000
"NOR",88,41.946903,55600
"NOR",89,41.946903,56300
"NOR",90,41.946903,56900
"NOR",91,41.946903,57500
"NOR",92,41.946903,58200
"NOR",93,41.946903,58800
"NOR",94,41.946903,59400
"NOR",95,41.946903,60100
"NOR",96,41.946903,60700
"NOR",97,41.946903,61300
"NOR",98,41.946903,62000
"NOR",99,41.946903,62600
"NOR",100,41.946903,63200
"NOR",101,42.158915,63900
"NOR",102,49.911504,64500
"NOR",103,49.911504,65100
"NOR",104,49.911504,65800
"NOR",105,49.911504,66400
"NOR",106,49.911504,67000
"NOR",107,49.911504,67700
"NOR",108,49.911504,68300
"NOR",109,49.911504,68900
"NOR",110,49.911504,69600
"NOR",111,49.911504,70200
"NOR",112,49.911504,70800
"NOR",113,49.911504,71500
"NOR",114,49.911504,72100
"NOR",115,49.911504,72700
"NOR",116,49.911504,73400
"NOR",117,49.911504,74000
"NOR",118,49.911504,74600
"NOR",119,49.911504,75300
"NOR",120,49.911504,75900
"NOR",121,49.911504,76500
"NOR",122,49.911504,77100
"NOR",123,49.911504,77800
"NOR",124,49.911504,78400
"NOR",125,49.911504,79000
"NOR",126,49.911504,79700
"NOR",127,49.911504,80300
"NOR",128,49.911504,80900
"NOR",129,49.911504,81600
"NOR",130,49.911504,82200
"NOR",131,49.911504,82800
"NOR",132,49.911504,83500
"NOR",133,49.911504,84100
"NOR",134,49.911504,84700
"NOR",135,49.911504,85400
"NOR",136,49.911504,86000
"NOR",137,49.911504,86600
"NOR",138,49.911504,87300
"NOR",139,49.911504,87900
"NOR",140,49.911504,88500
"NOR",141,49.911504,89200
"NOR",142,49.911504,89800
"NOR",143,49.911504,90400
"NOR",144,49.911504,91100
"NOR",145,49.911504,91700
"NOR",146,49.911504,92300
"NOR",147,49.911504,93000
"NOR",148,49.911504,93600
"NOR",149,49.911504,94200
"NOR",150,49.911504,94900
"NZL",50,17.5,21700
"NZL",51,17.5,22200
"NZL",52,17.5,22600
"NZL",53,17.5,23100
"NZL",54,17.5,23500
"NZL",55,17.5,23900
"NZL",56,17.5,24400
"NZL",57,17.5,24800
"NZL",58,17.5,25200
"NZL",59,17.5,25700
"NZL",60,17.5,26100
"NZL",61,17.5,26500
"NZL",62,17.5,27000
"NZL",63,17.5,27400
"NZL",64,17.5,27800
"NZL",65,17.5,28300
"NZL",66,17.5,28700
"NZL",67,17.5,29100
"NZL",68,22.839829,29600
"NZL",69,30.5,30000
"NZL",70,30.5,30400
"NZL",71,30.5,30900
"NZL",72,30.5,31300
"NZL",73,30.5,31700
"NZL",74,30.412315,32200
"NZL",75,30,32600
"NZL",76,30,33100
"NZL",77,30,33500
"NZL",78,30,33900
"NZL",79,30,34400
"NZL",80,30,34800
"NZL",81,30,35200
"NZL",82,30,35700
"NZL",83,30,36100
"NZL",84,30,36500
"NZL",85,30,37000
"NZL",86,30,37400
"NZL",87,30,37800
"NZL",88,30,38300
"NZL",89,30,38700
"NZL",90,30,39100
"NZL",91,30,39600
"NZL",92,30,40000
"NZL",93,30,40400
"NZL",94,30,40900
"NZL",95,30,41300
"NZL",96,30,41800
"NZL",97,30,42200
"NZL",98,30,42600
"NZL",99,30,43100
"NZL",100,30,43500
"NZL",101,30,43900
"NZL",102,30,44400
"NZL",103,30,44800
"NZL",104,30,45200
"NZL",105,30,45700
"NZL",106,30,46100
"NZL",107,30,46500
"NZL",108,30,47000
"NZL",109,32.642245,47400
"NZL",110,33,47800
"NZL",111,33,48300
"NZL",112,33,48700
"NZL",113,33,49100
"NZL",114,33,49600
"NZL",115,33,50000
"NZL",116,33,50500
"NZL",117,33,50900
"NZL",118,33,51300
"NZL",119,33,51800
"NZL",120,33,52200
"NZL",121,33,52600
"NZL",122,33,53100
"NZL",123,33,53500
"NZL",124,33,53900
"NZL",125,33,54400
"NZL",126,33,54800
"NZL",127,33,55200
"NZL",128,33,55700
"NZL",129,33,56100
"NZL",130,33,56500
"NZL",131,33,57000
"NZL",132,33,57400
"NZL",133,33,57800
"NZL",134,33,58300
"NZL",135,33,58700
"NZL",136,33,59200
"NZL",137,33,59600
"NZL",138,33,60000
"NZL",139,33,60500
"NZL",140,33,60900
"NZL",141,33,61300
"NZL",142,33,61800
"NZL",143,33,62200
"NZL",144,33,62600
"NZL",145,33,63100
"NZL",146,33,63500
"NZL",147,33,63900
"NZL",148,33,64400
"NZL",149,33,64800
"NZL",150,33,65200
"OAVG",100,45.072234,47200
"OAVG",103,45.174385,48600
"OAVG",97,44.712906,45800
"OAVG",72,42.343113,34000
"OAVG",104,45.295891,49100
"OAVG",129,47.032044,60900
"OAVG",71,42.273362,33500
"OAVG",68,41.665711,32100
"OAVG",58,43.103141,27400
"OAVG",133,47.704736,62700
"OAVG",127,48.337676,59900
"OAVG",107,45.550217,50500
"OAVG",118,45.961484,55700
"OAVG",94,45.068553,44300
"OAVG",132,47.49138,62300
"OAVG",126,47.339481,59400
"OAVG",139,47.636888,65600
"OAVG",81,43.338667,38200
"OAVG",75,42.713933,35400
"OAVG",52,41.011134,24500
"OAVG",150,47.766048,70800
"OAVG",147,47.511794,69300
"OAVG",57,42.105813,26900
"OAVG",121,46.372896,57100
"OAVG",115,45.858266,54300
"OAVG",50,39.042326,23600
"OAVG",108,45.121811,50900
"OAVG",122,46.187224,57600
"OAVG",90,44.821507,42500
"OAVG",113,45.926895,53300
"OAVG",119,46.0012,56100
"OAVG",145,47.695585,68400
"OAVG",55,41.814956,25900
"OAVG",84,44.253696,39600
"OAVG",136,47.621168,64200
"OAVG",123,46.211564,58000
"OAVG",87,44.210181,41000
"OAVG",116,45.887119,54700
"OAVG",110,44.99287,51900
"OAVG",101,44.89367,47600
"OAVG",142,47.807917,67000
"OAVG",98,44.653644,46200
"OAVG",69,47.314216,32600
"OAVG",78,43.181343,36800
"OAVG",148,47.602498,69800
"OAVG",130,47.069706,61300
"OAVG",82,43.366857,38700
"OAVG",63,42.753939,29700
"OAVG",89,44.306495,42000
"OAVG",95,45.061702,44800
"OAVG",65,42.186571,30700
"OAVG",93,45.163305,43900
"OAVG",114,45.959467,53800
"OAVG",62,42.558342,29200
"OAVG",146,47.541008,68900
"OAVG",86,43.769904,40600
"OAVG",53,41.500871,25000
"OAVG",85,43.693867,40100
"OAVG",120,47.117459,56600
"OAVG",56,42.141321,26400
"OAVG",117,45.970687,55200
"OAVG",88,44.331093,41500
"OAVG",143,47.562302,67500
"OAVG",91,45.008091,42900
"OAVG",149,47.548353,70300
"OAVG",92,45.129745,43400
"OAVG",124,46.503731,58500
"OAVG",59,43.436971,27800
"OAVG",60,43.000897,28300
"OAVG",66,41.848827,31100
"OAVG",99,45.016883,46700
"OAVG",125,46.684245,59000
"OAVG",54,42.639176,25500
"OAVG",61,43.57062,28800
"OAVG",67,42.191147,31600
"OAVG",128,47.136571,60400
"OAVG",80,43.214212,37700
"OAVG",106,45.305283,50000
"OAVG",74,42.369119,34900
"OAVG",141,47.585512,66500
"OAVG",70,42.24514,33000
"OAVG",64,42.812025,30200
"OAVG",96,45.195973,45300
"OAVG",51,50.011107,24100
"OAVG",112,45.697584,52800
"OAVG",135,47.533224,63700
"OAVG",109,45.032261,51400
"OAVG",140,47.579158,66000
"OAVG",76,43.279873,35900
"OAVG",137,47.618217,64600
"OAVG",144,47.586873,67900
"OAVG",83,43.420894,39200
"OAVG",77,43.074496,36300
"OAVG",138,47.559878,65100
"OAVG",131,46.99232,61800
"OAVG",134,47.514882,63200
"OAVG",102,45.292018,48100
"OAVG",79,43.132869,37300
"OAVG",105,45.473047,49500
"OAVG",73,42.289111,34400
"OAVG",111,45.252085,52400
"POL",50,36.27719,17000
"POL",51,36.27719,17300
"POL",52,36.27719,17600
"POL",53,36.27719,18000
"POL",54,36.27719,18300
"POL",55,36.27719,18700
"POL",56,36.27719,19000
"POL",57,36.27719,19300
"POL",58,36.27719,19700
"POL",59,36.27719,20000
"POL",60,36.27719,20400
"POL",61,36.27719,20700
"POL",62,36.27719,21000
"POL",63,36.27719,21400
"POL",64,36.27719,21700
"POL",65,36.27719,22100
"POL",66,36.27719,22400
"POL",67,36.27719,22700
"POL",68,36.27719,23100
"POL",69,36.27719,23400
"POL",70,36.27719,23800
"POL",71,36.27719,24100
"POL",72,36.27719,24400
"POL",73,36.27719,24800
"POL",74,36.27719,25100
"POL",75,36.27719,25500
"POL",76,36.27719,25800
"POL",77,36.27719,26100
"POL",78,36.27719,26500
"POL",79,36.27719,26800
"POL",80,36.27719,27200
"POL",81,36.27719,27500
"POL",82,36.27719,27800
"POL",83,36.27719,28200
"POL",84,36.27719,28500
"POL",85,36.27719,28800
"POL",86,36.27719,29200
"POL",87,36.27719,29500
"POL",88,36.27719,29900
"POL",89,36.27719,30200
"POL",90,36.27719,30500
"POL",91,36.27719,30900
"POL",92,36.27719,31200
"POL",93,36.27719,31600
"POL",94,36.27719,31900
"POL",95,36.27719,32200
"POL",96,36.27719,32600
"POL",97,36.27719,32900
"POL",98,36.27719,33300
"POL",99,36.27719,33600
"POL",100,36.27719,33900
"POL",101,36.27719,34300
"POL",102,36.27719,34600
"POL",103,36.27719,35000
"POL",104,36.27719,35300
"POL",105,36.27719,35600
"POL",106,36.27719,36000
"POL",107,36.27719,36300
"POL",108,36.27719,36700
"POL",109,36.27719,37000
"POL",110,36.27719,37300
"POL",111,36.27719,37700
"POL",112,36.27719,38000
"POL",113,36.27719,38400
"POL",114,36.27719,38700
"POL",115,36.27719,39000
"POL",116,36.27719,39400
"POL",117,36.27719,39700
"POL",118,36.27719,40000
"POL",119,36.27719,40400
"POL",120,36.27719,40700
"POL",121,36.27719,41100
"POL",122,36.27719,41400
"POL",123,36.27719,41700
"POL",124,36.27719,42100
"POL",125,36.27719,42400
"POL",126,36.27719,42800
"POL",127,36.27719,43100
"POL",128,36.27719,43400
"POL",129,36.27719,43800
"POL",130,36.27719,44100
"POL",131,36.27719,44500
"POL",132,36.27719,44800
"POL",133,36.27719,45100
"POL",134,36.27719,45500
"POL",135,36.27719,45800
"POL",136,36.27719,46200
"POL",137,36.27719,46500
"POL",138,36.27719,46800
"POL",139,36.27719,47200
"POL",140,36.27719,47500
"POL",141,36.27719,47900
"POL",142,36.27719,48200
"POL",143,36.27719,48500
"POL",144,36.27719,48900
"POL",145,36.27719,49200
"POL",146,36.27719,49600
"POL",147,36.27719,49900
"POL",148,36.27719,50200
"POL",149,36.27719,50600
"POL",150,36.27719,50900
"PRT",50,28.080808,16800
"PRT",51,390.49073,17100
"PRT",52,39.79798,17400
"PRT",53,39.79798,17800
"PRT",54,39.79798,18100
"PRT",55,39.79798,18400
"PRT",56,39.79798,18800
"PRT",57,42.657881,19100
"PRT",58,46.666667,19500
"PRT",59,46.666667,19800
"PRT",60,46.666667,20100
"PRT",61,46.666667,20500
"PRT",62,46.666667,20800
"PRT",63,46.666667,21100
"PRT",64,46.666667,21500
"PRT",65,46.666667,21800
"PRT",66,46.666667,22100
"PRT",67,46.666667,22500
"PRT",68,46.666667,22800
"PRT",69,46.666667,23100
"PRT",70,46.666667,23500
"PRT",71,46.666667,23800
"PRT",72,46.666667,24100
"PRT",73,46.666667,24500
"PRT",74,46.666667,24800
"PRT",75,46.666667,25200
"PRT",76,50.360293,25500
"PRT",77,51.111111,25800
"PRT",78,51.111111,26200
"PRT",79,51.111111,26500
"PRT",80,51.111111,26800
"PRT",81,51.111111,27200
"PRT",82,51.111111,27500
"PRT",83,51.111111,27800
"PRT",84,51.111111,28200
"PRT",85,51.111111,28500
"PRT",86,51.111111,28800
"PRT",87,51.111111,29200
"PRT",88,51.111111,29500
"PRT",89,51.111111,29800
"PRT",90,51.111111,30200
"PRT",91,51.111111,30500
"PRT",92,51.111111,30900
"PRT",93,51.111111,31200
"PRT",94,51.111111,31500
"PRT",95,51.111111,31900
"PRT",96,51.111111,32200
"PRT",97,51.111111,32500
"PRT",98,51.111111,32900
"PRT",99,51.111111,33200
"PRT",100,51.111111,33500
"PRT",101,51.111111,33900
"PRT",102,51.111111,34200
"PRT",103,51.111111,34500
"PRT",104,51.111111,34900
"PRT",105,51.111111,35200
"PRT",106,51.111111,35600
"PRT",107,51.111111,35900
"PRT",108,51.111111,36200
"PRT",109,51.111111,36600
"PRT",110,51.111111,36900
"PRT",111,51.111111,37200
"PRT",112,51.111111,37600
"PRT",113,51.111111,37900
"PRT",114,51.111111,38200
"PRT",115,51.111111,38600
"PRT",116,51.111111,38900
"PRT",117,51.111111,39200
"PRT",118,51.111111,39600
"PRT",119,51.111111,39900
"PRT",120,51.111111,40200
"PRT",121,51.111111,40600
"PRT",122,51.111111,40900
"PRT",123,51.111111,41300
"PRT",124,51.111111,41600
"PRT",125,54.238558,41900
"PRT",126,56.363636,42300
"PRT",127,56.363636,42600
"PRT",128,56.363636,42900
"PRT",129,56.363636,43300
"PRT",130,56.363636,43600
"PRT",131,56.363636,43900
"PRT",132,56.363636,44300
"PRT",133,56.363636,44600
"PRT",134,56.363636,44900
"PRT",135,56.363636,45300
"PRT",136,56.363636,45600
"PRT",137,56.363636,45900
"PRT",138,56.363636,46300
"PRT",139,56.363636,46600
"PRT",140,56.363636,47000
"PRT",141,56.363636,47300
"PRT",142,56.363636,47600
"PRT",143,56.363636,48000
"PRT",144,56.363636,48300
"PRT",145,56.363636,48600
"PRT",146,56.363636,49000
"PRT",147,56.363636,49300
"PRT",148,56.363636,49600
"PRT",149,56.675918,50000
"PRT",150,57.979798,50300
"SVK",50,51.101382,13000
"SVK",51,50.190488,13200
"SVK",52,46.124424,13500
"SVK",53,46.124424,13800
"SVK",54,46.124424,14000
"SVK",55,46.124424,14300
"SVK",56,46.124424,14500
"SVK",57,46.124424,14800
"SVK",58,46.124424,15000
"SVK",59,46.124424,15300
"SVK",60,46.124424,15600
"SVK",61,46.124424,15800
"SVK",62,46.124424,16100
"SVK",63,46.124424,16300
"SVK",64,46.124424,16600
"SVK",65,46.124424,16900
"SVK",66,46.124424,17100
"SVK",67,46.124424,17400
"SVK",68,46.124424,17600
"SVK",69,46.124424,17900
"SVK",70,46.124424,18200
"SVK",71,46.124424,18400
"SVK",72,46.124424,18700
"SVK",73,46.124424,18900
"SVK",74,46.124424,19200
"SVK",75,46.124424,19500
"SVK",76,46.124424,19700
"SVK",77,46.124424,20000
"SVK",78,46.124424,20200
"SVK",79,46.124424,20500
"SVK",80,46.124424,20800
"SVK",81,46.124424,21000
"SVK",82,46.124424,21300
"SVK",83,46.124424,21500
"SVK",84,46.124424,21800
"SVK",85,46.124424,22100
"SVK",86,46.124424,22300
"SVK",87,46.124424,22600
"SVK",88,46.124424,22800
"SVK",89,46.124424,23100
"SVK",90,46.124424,23400
"SVK",91,46.124424,23600
"SVK",92,46.124424,23900
"SVK",93,46.124424,24100
"SVK",94,46.124424,24400
"SVK",95,46.124424,24700
"SVK",96,46.124424,24900
"SVK",97,46.124424,25200
"SVK",98,46.124424,25400
"SVK",99,46.124424,25700
"SVK",100,46.124424,25900
"SVK",101,46.124424,26200
"SVK",102,46.124424,26500
"SVK",103,46.124424,26700
"SVK",104,46.124424,27000
"SVK",105,46.124424,27200
"SVK",106,46.124424,27500
"SVK",107,46.124424,27800
"SVK",108,46.124424,28000
"SVK",109,46.124424,28300
"SVK",110,46.124424,28500
"SVK",111,46.124424,28800
"SVK",112,46.124424,29100
"SVK",113,46.124424,29300
"SVK",114,46.124424,29600
"SVK",115,46.124424,29800
"SVK",116,46.124424,30100
"SVK",117,46.124424,30400
"SVK",118,46.124424,30600
"SVK",119,46.124424,30900
"SVK",120,46.124424,31100
"SVK",121,46.124424,31400
"SVK",122,46.124424,31700
"SVK",123,46.124424,31900
"SVK",124,46.124424,32200
"SVK",125,46.124424,32400
"SVK",126,46.124424,32700
"SVK",127,46.124424,33000
"SVK",128,46.124424,33200
"SVK",129,46.124424,33500
"SVK",130,46.124424,33700
"SVK",131,46.124424,34000
"SVK",132,46.124424,34300
"SVK",133,46.124424,34500
"SVK",134,46.124424,34800
"SVK",135,46.124424,35000
"SVK",136,46.124424,35300
"SVK",137,46.124424,35500
"SVK",138,46.124424,35800
"SVK",139,46.124424,36100
"SVK",140,46.124424,36300
"SVK",141,46.124424,36600
"SVK",142,46.124424,36800
"SVK",143,46.124424,37100
"SVK",144,46.124424,37400
"SVK",145,46.124424,37600
"SVK",146,46.124424,37900
"SVK",147,46.124424,38100
"SVK",148,46.124424,38400
"SVK",149,46.124424,38700
"SVK",150,46.124424,38900
"SVN",84,50.347976,30100
"SVN",119,50.347976,42600
"SVN",73,43.638243,26100
"SVN",82,50.347976,29300
"SVN",117,50.347976,41900
"SVN",81,50.347976,29000
"SVN",127,50.347976,45400
"SVN",150,50.347976,53700
"SVN",121,50.347976,43300
"SVN",112,50.347976,40100
"SVN",122,50.347976,43700
"SVN",110,50.347976,39400
"SVN",52,44.842516,18600
"SVN",114,50.347976,40800
"SVN",133,50.347976,47600
"SVN",118,50.347976,42200
"SVN",111,50.347976,39700
"SVN",83,50.347976,29700
"SVN",90,50.347976,32200
"SVN",105,50.347976,37600
"SVN",124,50.347976,44400
"SVN",140,50.347976,50100
"SVN",145,50.347976,51900
"SVN",135,50.347976,48300
"SVN",53,44.842516,19000
"SVN",79,50.347976,28300
"SVN",123,50.347976,44000
"SVN",149,50.347976,53300
"SVN",91,50.347976,32600
"SVN",74,43.638243,26500
"SVN",54,44.842516,19300
"SVN",141,50.347976,50500
"SVN",125,50.347976,44700
"SVN",113,50.347976,40400
"SVN",95,50.347976,34000
"SVN",76,50.347976,27200
"SVN",92,50.347976,32900
"SVN",131,50.347976,46900
"SVN",77,50.347976,27600
"SVN",139,50.347976,49700
"SVN",143,50.347976,51200
"SVN",66,43.638243,23600
"SVN",102,50.347976,36500
"SVN",63,62.990801,22500
"SVN",144,50.347976,51500
"SVN",55,44.842516,19700
"SVN",86,50.347976,30800
"SVN",59,50.528464,21100
"SVN",75,47.518847,26800
"SVN",85,50.347976,30400
"SVN",142,50.347976,50800
"SVN",72,43.638243,25800
"SVN",136,50.347976,48700
"SVN",137,50.347976,49000
"SVN",80,50.347976,28600
"SVN",50,44.842516,17900
"SVN",69,43.638243,24700
"SVN",96,50.347976,34300
"SVN",107,50.347976,38300
"SVN",134,50.347976,47900
"SVN",70,43.638243,25000
"SVN",93,50.347976,33300
"SVN",89,50.347976,31800
"SVN",57,44.842516,20400
"SVN",101,50.347976,36100
"SVN",98,50.347976,35100
"SVN",108,50.347976,38600
"SVN",116,50.347976,41500
"SVN",87,50.347976,31100
"SVN",97,50.347976,34700
"SVN",78,50.347976,27900
"SVN",147,50.347976,52600
"SVN",88,50.347976,31500
"SVN",100,50.347976,35800
"SVN",120,50.347976,42900
"SVN",51,44.842516,18200
"SVN",146,50.347976,52200
"SVN",71,43.638243,25400
"SVN",138,50.347976,49400
"SVN",67,43.638243,24000
"SVN",103,50.347976,36900
"SVN",99,50.347976,35400
"SVN",104,50.347976,37200
"SVN",148,50.347976,53000
"SVN",128,50.347976,45800
"SVN",58,44.842516,20800
"SVN",64,62.990801,22900
"SVN",60,62.990801,21500
"SVN",132,50.347976,47200
"SVN",109,50.347976,39000
"SVN",126,50.347976,45100
"SVN",115,50.347976,41100
"SVN",65,47.521633,23300
"SVN",61,62.990801,21800
"SVN",62,62.990801,22200
"SVN",130,50.347976,46500
"SVN",68,43.638243,24300
"SVN",129,50.347976,46200
"SVN",56,44.842516,20000
"SVN",94,50.347976,33600
"SVN",106,50.347976,37900
"SWE",126,64.045298,67000
"SWE",141,65.456017,75000
"SWE",56,45.085752,29800
"SWE",97,48.712214,51600
"SWE",60,45.517908,31900
"SWE",102,48.695879,54200
"SWE",116,64.051171,61700
"SWE",109,48.695879,58000
"SWE",53,45.534246,28200
"SWE",103,48.164678,54800
"SWE",122,63.185394,64900
"SWE",69,45.517908,36700
"SWE",107,48.687497,56900
"SWE",94,48.164678,50000
"SWE",132,63.201729,70200
"SWE",76,45.534246,40400
"SWE",62,45.534246,33000
"SWE",99,48.164678,52600
"SWE",111,48.173146,59000
"SWE",90,48.687497,47900
"SWE",88,48.695879,46800
"SWE",138,66.354465,73400
"SWE",119,64.061636,63300
"SWE",100,48.695879,53200
"SWE",95,48.695879,50500
"SWE",139,65.450373,73900
"SWE",123,64.061636,65400
"SWE",70,45.069416,37200
"SWE",134,63.201729,71300
"SWE",59,45.053081,31400
"SWE",135,64.045298,71800
"SWE",65,45.517908,34600
"SWE",77,45.053081,40900
"SWE",136,64.051171,72300
"SWE",104,48.695879,55300
"SWE",52,45.510473,27600
"SWE",98,48.687497,52100
"SWE",115,63.195717,61100
"SWE",124,64.045298,65900
"SWE",75,45.053081,39900
"SWE",67,45.534246,35600
"SWE",64,45.517908,34000
"SWE",125,63.201729,66500
"SWE",108,48.164678,57400
"SWE",55,45.50157,29200
"SWE",150,66.354465,79800
"SWE",74,45.517908,39300
"SWE",68,45.053081,36200
"SWE",51,45.060442,27100
"SWE",83,48.687497,44100
"SWE",127,63.201729,67500
"SWE",140,66.348968,74400
"SWE",93,48.695879,49500
"SWE",143,66.3708,76000
"SWE",57,45.50157,30300
"SWE",87,48.164678,46300
"SWE",144,65.434035,76600
"SWE",112,58.81711,59600
"SWE",147,66.3708,78200
"SWE",137,64.306707,72800
"SWE",72,45.526808,38300
"SWE",130,64.045298,69100
"SWE",89,48.164678,47300
"SWE",63,45.069416,33500
"SWE",131,64.045298,69700
"SWE",101,48.164678,53700
"SWE",80,45.060442,42500
"SWE",121,64.061636,64300
"SWE",96,48.164678,51000
"SWE",128,64.045298,68100
"SWE",110,48.687497,58500
"SWE",66,45.053081,35100
"SWE",73,45.060442,38800
"SWE",84,48.695879,44700
"SWE",149,66.348968,79200
"SWE",148,65.450373,78700
"SWE",142,66.348968,75500
"SWE",81,45.526808,43100
"SWE",54,45.069416,28700
"SWE",118,63.201729,62700
"SWE",78,45.517908,41500
"SWE",117,64.045298,62200
"SWE",58,45.534246,30800
"SWE",79,45.526808,42000
"SWE",91,48.695879,48400
"SWE",105,48.687497,55800
"SWE",71,45.517908,37800
"SWE",133,64.045298,70700
"SWE",114,64.045298,60600
"SWE",129,63.201729,68600
"SWE",50,45.526808,26600
"SWE",106,48.173146,56400
"SWE",85,48.164678,45200
"SWE",120,63.185394,63800
"SWE",61,45.053081,32400
"SWE",86,48.695879,45700
"SWE",82,47.854254,43600
"SWE",92,48.164678,48900
"SWE",113,63.201729,60100
"SWE",145,66.3708,77100
"SWE",146,65.434035,77600
"TUR",75,42.773617,27700
"TUR",74,42.773617,27400
"TUR",146,47.837447,54000
"TUR",142,47.837447,52500
"TUR",59,42.773617,21800
"TUR",53,42.773617,19600
"TUR",78,47.837447,28800
"TUR",103,47.837447,38100
"TUR",56,42.773617,20700
"TUR",71,42.773617,26300
"TUR",118,47.837447,43600
"TUR",77,47.235968,28500
"TUR",132,47.837447,48800
"TUR",51,42.773617,18900
"TUR",89,47.837447,32900
"TUR",147,47.837447,54400
"TUR",129,47.837447,47700
"TUR",69,42.773617,25500
"TUR",63,42.773617,23300
"TUR",70,42.773617,25900
"TUR",135,47.837447,49900
"TUR",110,47.837447,40700
"TUR",138,47.837447,51000
"TUR",105,47.837447,38800
"TUR",79,47.837447,29200
"TUR",117,47.837447,43300
"TUR",88,47.837447,32500
"TUR",143,47.837447,52900
"TUR",131,47.837447,48400
"TUR",92,47.837447,34000
"TUR",123,47.837447,45500
"TUR",144,47.837447,53200
"TUR",50,42.773617,18500
"TUR",101,47.837447,37300
"TUR",67,42.773617,24800
"TUR",108,47.837447,39900
"TUR",115,47.837447,42500
"TUR",150,47.837447,55500
"TUR",99,47.837447,36600
"TUR",114,47.837447,42200
"TUR",66,42.773617,24400
"TUR",85,47.837447,31400
"TUR",91,47.837447,33600
"TUR",130,47.837447,48100
"TUR",124,47.837447,45900
"TUR",61,71.735571,22600
"TUR",133,47.837447,49200
"TUR",111,47.837447,41000
"TUR",137,47.837447,50700
"TUR",145,47.837447,53600
"TUR",72,42.773617,26600
"TUR",106,47.837447,39200
"TUR",64,42.773617,23700
"TUR",73,42.773617,27000
"TUR",57,42.773617,21100
"TUR",102,47.837447,37700
"TUR",81,47.837447,30000
"TUR",62,42.773617,22900
"TUR",96,47.837447,35500
"TUR",52,42.773617,19200
"TUR",107,47.837447,39600
"TUR",122,47.837447,45100
"TUR",60,42.773617,22200
"TUR",121,47.837447,44700
"TUR",109,47.837447,40300
"TUR",139,47.837447,51400
"TUR",97,47.837447,35900
"TUR",125,47.837447,46200
"TUR",134,47.837447,49500
"TUR",82,47.837447,30300
"TUR",126,47.837447,46600
"TUR",113,47.837447,41800
"TUR",94,47.837447,34800
"TUR",68,42.773617,25100
"TUR",86,47.837447,31800
"TUR",120,47.837447,44400
"TUR",76,42.773617,28100
"TUR",112,47.837447,41400
"TUR",141,47.837447,52100
"TUR",100,47.837447,37000
"TUR",127,47.837447,47000
"TUR",84,47.837447,31100
"TUR",116,47.837447,42900
"TUR",55,42.773617,20300
"TUR",98,47.837447,36200
"TUR",95,47.837447,35100
"TUR",54,42.773617,20000
"TUR",83,47.837447,30700
"TUR",80,47.837447,29600
"TUR",119,47.837447,44000
"TUR",140,47.837447,51800
"TUR",90,47.837447,33300
"TUR",87,47.837447,32200
"TUR",136,47.837447,50300
"TUR",58,42.773617,21400
"TUR",93,47.837447,34400
"TUR",128,47.837447,47300
"TUR",148,47.837447,54700
"TUR",65,42.773617,24000
"TUR",149,47.837447,55100
"TUR",104,47.837447,38500
"USA",139,45.471435,83700
"USA",89,40.826753,53600
"USA",144,45.471435,86700
"USA",150,45.471435,90300
"USA",60,31.53739,36100
"USA",57,31.53739,34300
"USA",80,31.53739,48200
"USA",111,40.826753,66800
"USA",108,40.826753,65000
"USA",129,45.471435,77700
"USA",92,40.826753,55400
"USA",138,45.471435,83100
"USA",51,31.53739,30700
"USA",149,45.471435,89700
"USA",96,40.826753,57800
"USA",58,31.53739,34900
"USA",64,31.53739,38500
"USA",119,40.826753,71700
"USA",140,45.471435,84300
"USA",72,31.53739,43400
"USA",127,45.471435,76500
"USA",116,40.826753,69900
"USA",75,31.53739,45200
"USA",86,31.53739,51800
"USA",84,31.53739,50600
"USA",63,31.53739,37900
"USA",78,31.53739,47000
"USA",135,45.471435,81300
"USA",148,45.471435,89100
"USA",122,40.826753,73500
"USA",106,40.826753,63800
"USA",50,31.53739,30100
"USA",101,40.826753,60800
"USA",114,40.826753,68700
"USA",103,40.826753,62000
"USA",71,31.53739,42800
"USA",123,40.826753,74100
"USA",81,31.53739,48800
"USA",124,42.951509,74700
"USA",146,45.471435,87900
"USA",133,45.471435,80100
"USA",54,31.53739,32500
"USA",52,31.53739,31300
"USA",94,40.826753,56600
"USA",118,40.826753,71100
"USA",112,40.826753,67400
"USA",59,31.53739,35500
"USA",110,40.826753,66200
"USA",107,40.826753,64400
"USA",128,45.471435,77100
"USA",93,40.826753,56000
"USA",56,31.53739,33700
"USA",130,45.471435,78300
"USA",53,31.53739,31900
"USA",69,31.53739,41600
"USA",141,45.471435,84900
"USA",104,40.826753,62600
"USA",120,40.826753,72300
"USA",132,45.471435,79500
"USA",100,40.826753,60200
"USA",62,31.53739,37300
"USA",137,45.471435,82500
"USA",109,40.826753,65600
"USA",97,40.826753,58400
"USA",55,31.53739,33100
"USA",70,31.53739,42200
"USA",95,40.826753,57200
"USA",113,40.826753,68000
"USA",147,45.471435,88500
"USA",61,31.53739,36700
"USA",121,40.826753,72900
"USA",102,40.826753,61400
"USA",68,31.53739,40900
"USA",105,40.826753,63200
"USA",74,31.53739,44600
"USA",79,31.53739,47600
"USA",87,38.771089,52400
"USA",117,40.826753,70500
"USA",66,31.53739,39700
"USA",125,45.471435,75300
"USA",77,31.53739,46400
"USA",65,31.53739,39100
"USA",145,45.471435,87300
"USA",134,45.471435,80700
"USA",143,45.471435,86100
"USA",83,31.53739,50000
"USA",88,40.826753,53000
"USA",76,31.53739,45800
"USA",73,31.53739,44000
"USA",99,40.826753,59600
"USA",142,45.471435,85500
"USA",98,40.826753,59000
"USA",90,40.826753,54200
"USA",136,45.471435,81900
"USA",82,31.53739,49400
"USA",85,31.53739,51200
"USA",126,45.471435,75900
"USA",131,45.471435,78900
"USA",115,40.826753,69300
"USA",91,40.826753,54800
"USA",67,31.53739,40300
